Affiliate program,Promotion name,Start Date,End Date,Description (for affiliate),Description (for customer),Coupon code,Landing Page,Benefits & Tools
shopika.ro/,Promotie 1 Iunie - reducere 15% la tot. Perioada 29.05-01.06.2026 ,2026-05-28 21:00:00 UTC,2026-06-01 20:45:00 UTC,"Promotie 1 Iunie - reducere 15% la toate produsele mai putin cele cu pret redus din alte promotii. Campanie valabila in limita stocului disponibil. 
Perioada 29.05-01.06.2026. 
Landing-page: https://www.shopika.ro/imbracaminte
Spor la conversii!","Promotie 1 Iunie - reducere 15% la toate produsele mai putin cele cu pret redus din alte promotii. Campanie valabila in limita stocului disponibil. 
Perioada 29.05-01.06.2026. ","",https://www.shopika.ro/imbracaminte,Special Banners
bestvalue.eu,SALE Dulciuri si Jucarii - up to 30% off - 25 mai - 1 iunie,2026-05-25 05:30:00 UTC,2026-06-01 20:45:00 UTC,                ,"Dragi afiliati,

Dorim sa va anuntam ca in perioada 25 mai- 1 iunie activam o campanie de sale cu discount de pana la 30% pentru o selectie de produse din categoriile dulciuri si jucarii.
Aici puteti accesa listingul dedicat campaniei: https://bestvalue.eu/listing/the-cutest-sale.
Va invitam sa vedeti si materialele jucause din sectiunea banners.
Va invitam la conversii!
Multu spor,
Andra",,https://bestvalue.eu/listing/the-cutest-sale,
noriel.ro ,50 lei Voucher Cadou la comenzile de minimum 249 de lei | 25.05 - 02.06.2026,2026-05-24 22:00:00 UTC,2026-06-02 20:45:00 UTC,-,"Te asteptam pe Noriel.ro sa alegi cele mai tari jucarii si jocuri! 🧸🧩 Foloseste codul NORIEL50 in perioada 25.05 - 02.06.2026 si ai 50 de lei DISCOUNT 💸 la cumparaturi de minimum 249 de lei pentru produsele din categoria jucarii, jocuri si carti 📚🤩 >> https://noriel.ro/
Exceptie produsele aflate in alte promotii, in stoc furnizor si seturile Pokémon TCG. ",NORIEL50,https://noriel.ro/,Special Banners
centini.ro/,Transport gratuit la comenzi de peste 99 lei,2026-05-24 21:00:00 UTC,2026-05-30 21:00:00 UTC,"Promotia este potrivita pentru toate tipurile de afiliati. Dorim sa lucram in mod special cu afiliati care fac campanii platite.
Promotia este valabila doar pentru afiliati.","In perioda 25-31 mai 2026, la cumparaturi de minim 99 lei. Beneficiezi de transport gratuit.",LIVRAREGRATIS,https://www.centini.ro/,Special Banners
grandeoptique.ro,Pana la 35% reducere la ochelari de lux si premium,2026-05-24 21:00:00 UTC,2026-06-29 21:00:00 UTC,Reduceri de pana la 35% la produse de top si bestsellere de la branduri de lux si premium pentru #ochelariUimitori de la GrandeOptique.ro .,La GrandeOptique.ro sunt reduceri de pana la 35% la ochelarii de soare si ramele de ochelari de la mărci de lux si premium. Acum e momentul sa ai #ochelariUimitori de la cele mai renumite branduri. Nu rata oferta si cumpara acum cu reducere de pe GrandeOptique.ro,"",https://grandeoptique.ro,
litera.ro ,"🧸 De 1 iunie, copiii au decis: toate cărțile trebuie să ajungă la ei! (25 mai-1 iunie) 🧸",2026-05-24 21:00:00 UTC,2026-06-01 20:45:00 UTC,"De 1 iunie, copiii au decis: toate cărțile trebuie să ajungă la ei! Astfel că, pentru această campanie care va avea loc în perioada 25 mai - 1 iunie, ne-am pregătit cu următoarele:
✔ reduceri de până la 80%
✔ jucărie de pluș cadou la orice comandă, diverse modele

🚨 Găsiți bannerele aici 👉 https://www.swisstransfer.com/d/b2926aa5-5cf5-4eb4-8600-b760a3c00c43 
","🎂 De Ziua Copilului, sărbătorim alături de cei mici cu reduceri de până la 80%. De la povești ilustrate până la enciclopedii și cărți de activități, pe toate le găsești pe litera.ro, la cele mai bune prețuri. 📖

🎁 Plus o jucărie de pluș cadou, care îi va ține companie în toate aventurile. 🧸 *Jucărie de pluș cadou la orice comandă, diverse modele.",,https://www.litera.ro/,Special Banners
nepstore.ro/,Reduceri de până la 25% la parfumurile selectate,2026-05-23 21:00:00 UTC,2026-05-30 21:00:00 UTC,Parfumuri cu până la 25% reducere,Alege parfumul preferat din selecția de produse la reducere de pe nepstore.ro,,https://www.nepstore.ro/oferte,
nemira.ro ,BookAlert cu 50% REDUCERE la coș!,2026-05-22 07:00:00 UTC,2026-05-31 20:45:00 UTC,"Dacă te mai putem ajuta cu ceva, suntem aici. Îți răspundem cât ai zice „click”!","🚨📚 Pssst...BookAlert a ajuns pe NEMIRA.RO cu cărți la jumătate de preț! Am redus totul cu 50% ca să-ți completezi biblioteca mai repede decât crezi.

📖 50% reducere la coșul de cumpărături prin codul BOOK50,
✨ Noutăți, bestsellere și titluri pe care le aveai de mult pe listă, acum la prețuri speciale,
🚚 Transport GRATUIT la comenzi de minimum 190 lei, oriunde în România.

👉 Dacă ai o listă de cărți pe care tot amâni să o bifezi, acum e momentul perfect să intri pe https://nemira.ro/oferta-nemira.

*Îți punem la dispoziție codul BOOK50 valabil în perioada 22 mai 2026 (ora 10:00) – 31 mai 2026 (ora 23:59), pentru cumpărături pe website-ul www.nemira.ro. Acest cod se aplică la coșul de cumpărături, indiferent de valoarea comenzii, prin introducerea BOOK50 în câmpul special CODURI NEMIRA. Reducerea de 50% în baza codului va fi dedusă din valoarea totală a produselor eligibile comandate în limita stocului și nu se cumulează cu alte beneficii acordate prin coduri cadou active pe www.nemira.ro. Produsele eligibile sunt titlurile semnalizate prin bulina „PROMO"".",,https://nemira.ro/oferta-nemira,
estel.ro ,Oferta pentru blonde si nu doar,2026-05-21 21:00:00 UTC,2026-06-07 20:45:00 UTC,baner,"Părul tău merită îngrijire specială ✨
Păstrează nuanța rece, strălucirea și aspectul sănătos al părului blond sau vopsit cu produsele profesionale preferate.
Profită acum de reduceri speciale la șampoane, măști, tratamente și produse pentru protecția culorii — pentru un blond luminos, fără compromisuri. 
25% REDUCERE la toate produsele ingrijire specială pentru păr vopsi și blond si masti nuantatoare.
Descoperă gamele profesionale de produse create special pentru parul tău!",,https://www.estel.ro/ro/promotions,Special Banners
litera.ro ,📚 Cărți la preț de tipar - până la -80% (22 - 24 mai) 📚,2026-05-21 21:00:00 UTC,2026-05-24 20:45:00 UTC,"În perioada 22-24 mai cititorii Litera pot achiziționa cărțile preferate la preț de tipar. Reducerile vor fi de până la 80%!

🚨 Bannerele sunt disponibile aici 👉 https://www.swisstransfer.com/d/f9d3b320-a75f-417b-8216-07b524249f65 
","O selecție de cărți te așteaptă la 𝐩𝐫𝐞𝐭̦ 𝐝𝐞 𝐭𝐢𝐩𝐚𝐫 pe litera.ro: de la bestsellere și romane care se citesc pe nerăsuflate, la cărți pentru copii și titluri de non-ficțiune.",,https://www.litera.ro/,Special Banners
librarie.net,Cadouri de Ziua Copilului (21 - 29 mai 2026),2026-05-21 21:00:00 UTC,2026-05-28 21:00:00 UTC,-,"Buna ziua,

In perioada 21 mai - 29 mai organizam promotia dedicata Zilei Copilului.

Aceasta contine peste  3500 de produse de la branduri editoriale de top precum Arthur, Litera sau Univers  dar si branduri de jucarii precum LEGO, Safari, D-Toys sau figurinele FUNKO

Link promotie:

https://www.librarie.net/c/4641/cadouri-ziua-copilului

Cu multumiri,

echipa LIBRARIE.net

",,https://www.librarie.net/c/4641/cadouri-ziua-copilului,
sportdepot.ro,MID SEASON SALE + EXTRA 10% la mii de modele deja reduse,2026-05-21 21:00:00 UTC,2026-05-25 20:45:00 UTC,MID SEASON SALE + EXTRA 10% la mii de modele deja reduse,"MID SEASON SALE + EXTRA 10% la mii de modele deja reduse
In selectie gasesti: Imbracaminte, Incaltaminte, Echipament sport, Accesorii si Fitness.
Promo cod: EXTRA10
*Codul promotional este valabil in perioada 22.05 - 25.05.2026 si ofera reducere suplimentara de -10% la toate produsele reduse si nu poate fi combinat cu alte coduri promotionale de reducere.",EXTRA10,https://www.sportdepot.ro/mid_season_sale_extra_10_la_mii_de_articole/recommended-1271,
farmec.ro,Bright Friday Happy Days - 30% Reducere In Cos,2026-05-21 21:00:00 UTC,2026-05-25 20:45:00 UTC,"Condiții promoție
30% REDUCERE ÎN COȘ pentru comenzile de minim 3 produse achiziționate în perioada 22 - 25 Mai 2026, în limita stocului disponibil + Transport GRATUIT în Easybox de la 140 lei.

Sunt excluse din această ofertă produsele Noi, produsele care fac obiectul altor Promoții, Cutiile și Seturile Cadou. Reducerea nu se cumulează cu alte discounturi active.

Ofertă valabilă Exclusiv Online.","Condiții promoție
30% REDUCERE ÎN COȘ pentru comenzile de minim 3 produse achiziționate în perioada 22 - 25 Mai 2026, în limita stocului disponibil + Transport GRATUIT în Easybox de la 140 lei.

Sunt excluse din această ofertă produsele Noi, produsele care fac obiectul altor Promoții, Cutiile și Seturile Cadou. Reducerea nu se cumulează cu alte discounturi active.

Ofertă valabilă Exclusiv Online.",,https://www.farmec.ro/promo/weekend-30-reducere,Special Banners
infinity.ro ,Heat-urile Verii,2026-05-21 04:00:00 UTC,2026-06-21 21:00:00 UTC," 1. Specific Ad Formats: folosiți bannerele din secțiunea Bannere
 2. Performance Goals: Generarea de vânzări prin trafic relevant către landing page-ul cu produse de casă și grădină, cu focus pe conversii și calitatea traficului.
3. Dacă postați pe Social Media folosind vizualurile noastre, vă rugăm să adăugați: #casasigradina #heat-urileverii #specialpentruexterior ","Tot ce ai nevoie pentru întreținerea casei și grădinii, într-un singur loc. Produse alese pentru utilitate reală, gândite să îți simplifice munca și să îți optimizeze spațiul exterior. Fără complicații – doar soluții practice pentru fiecare zi",,https://www.infinity.ro/heat-urile-verii,Special Banners
medimfarm.ro/,Cod reducere MedimFarm.ro -15% la orice comanda de minim 190 lei,2026-05-20 21:00:00 UTC,2026-05-31 20:45:00 UTC,Cod reducere MedimFarm.ro -15% la orice comanda de minim 190 lei,"Pana pe 31 Mai 2026 profita de un cod reducere MedimFarm.ro ce iti ofera o reducere de 15% la orice comanda de minim 190 lei + 10% Money Back din valoarea comenzii inapoi, pentru cumparaturi viitoare!",MEDIM15,https://medimfarm.ro/,
noriel.ro ,Castiga premii de poveste cu Disney,2026-05-20 12:30:00 UTC,2026-06-01 20:45:00 UTC,-,"❄️✨ Intra in lumea magica Disney! Cumpara 2 papusi Disney Princess sau Disney Frozen, inscrie bonul pe noriel.ro si poti castiga: 🏰 o excursie de poveste la castelele din Franta sau 🎁 unul dintre cele 3 seturi de joaca Disney Frozen. Transforma fiecare moment de joaca intr-o aventura magica! 💙 >> https://noriel.ro/blog/concurs-disney-frozen-si-princess ",,https://noriel.ro/blog/concurs-disney-frozen-si-princess,Special Banners
carturesti.ro ,Anul școlar s-a terminat. Povestea abia începe,2026-05-19 21:00:00 UTC,2026-06-17 21:00:00 UTC,"Există un moment în iunie când ghiozdanul e aruncat pe hol și vara intră pe ușă cu tot zgomotul ei. E momentul perfect pentru un cadou care să nu se termine odată cu ziua: o carte bună, aleasă cu grijă, care să călătorească cu ei toată vacanța. Premii școlare, daruri de final de an sau pur și simplu un „bravo"" spus altfel — cărțile pentru copii din selecția noastră sunt aici pentru toate ocaziile.

Pe carturesti.ro găsești titluri pentru micii cititori, în română și în limbi străine, cu reduceri de până la 20% în perioada 20 mai – 18 iunie. Pentru că vacanța de vară e mai bună cu noutăți în bibliotecă.

Promoția este valabilă pe carturesti.ro, în limita stocului disponibil. Nu se cumulează cu alte promoții și reduceri.","Există un moment în iunie când ghiozdanul e aruncat pe hol și vara intră pe ușă cu tot zgomotul ei. E momentul perfect pentru un cadou care să nu se termine odată cu ziua: o carte bună, aleasă cu grijă, care să călătorească cu ei toată vacanța. Premii școlare, daruri de final de an sau pur și simplu un „bravo"" spus altfel — cărțile pentru copii din selecția noastră sunt aici pentru toate ocaziile.

Pe carturesti.ro găsești titluri pentru micii cititori, în română și în limbi străine, cu reduceri de până la 20% în perioada 20 mai – 18 iunie. Pentru că vacanța de vară e mai bună cu noutăți în bibliotecă.

Promoția este valabilă pe carturesti.ro, în limita stocului disponibil. Nu se cumulează cu alte promoții și reduceri.",,https://carturesti.ro/offer/anul-scolar-s-a-terminat-6590,Special Banners
vegis.ro ,REDUCERI fresh la o varietate de produse,2026-05-19 07:00:00 UTC,2026-05-25 07:00:00 UTC,"Preturi mai mici la sute de produse de la branduri indragite, din urmatoarele categorii: suplimente si remedii, alimente si produse bio, cosmetice si produse pentru casa. 

Promotiile sunt valabile in limita stocurilor. ",-,"",https://vegis.ro/,Special Banners
libris.ro ,Cadou la alegere? REDUCERI aniversare? Vezi ce SURPRIZE ți-am pregătit de 35 de ani Libris,2026-05-18 21:00:00 UTC,2026-05-24 21:00:00 UTC,Cadou la alegere? REDUCERI aniversare? Vezi ce SURPRIZE ți-am pregătit de 35 de ani Libris,"Dragi afiliati, 

Zilele acestea sărbătorim 35 de ani de Libris printr-un Book Party de 6 zile! Te așteptăm la Libris Days, petrecerea de carte care se va desfășura la noi acasă, pe libris.ro, între 19 (ora 08:00) și 24 mai. 
Am pregătit REDUCERI de până la 76% și CADOURI la alegere la comenzile de peste 120 lei. Și ce cadouri! ;)
În plus, oferim TRANSPORT GRATUIT la toate comenzile de peste 75 lei, prin curier rapid, oriunde în România.

Mulțumim că sunteți alături de noi. 

Am încarcat bannere. Spor la conversii!",,https://www.libris.ro/,Special Banners
carturesti.ro ,Răsfoiește albume în engleză,2026-05-18 21:00:00 UTC,2026-06-07 21:00:00 UTC,"Există cărți pe care nu le citești, ci le trăiești — pagină cu pagină, imagine cu imagine. Albumele în limba engleză din selecția noastră transformă orice raft într-o mică galerie și orice după-amiază liberă într-o călătorie.

Arhitectură care spune povești, gastronomie cu personalitate, design care inspiră, artă care rămâne. Le-am adunat pe toate într-o selecție care merită răsfoită, cu 30% reducere, în perioada 19 mai – 8 iunie.

Promoția este valabilă pe carturesti.ro, în limita stocului disponibil. Nu se cumulează cu alte promoții și reduceri.","Există cărți pe care nu le citești, ci le trăiești — pagină cu pagină, imagine cu imagine. Albumele în limba engleză din selecția noastră transformă orice raft într-o mică galerie și orice după-amiază liberă într-o călătorie.

Arhitectură care spune povești, gastronomie cu personalitate, design care inspiră, artă care rămâne. Le-am adunat pe toate într-o selecție care merită răsfoită, cu 30% reducere, în perioada 19 mai – 8 iunie.

Promoția este valabilă pe carturesti.ro, în limita stocului disponibil. Nu se cumulează cu alte promoții și reduceri.",,https://carturesti.ro/offer/rasfoieste-albume-in-engleza-6589,Special Banners
drmax.ro/,Campanie Produse Solare 19-31.05,2026-05-18 21:00:00 UTC,2026-05-30 21:00:00 UTC,"✅ Materialele vizuale sunt disponibile în platformă
👉 Landing page: www.drmax.ro/frumusete-si-ingrijire/protectie-solara
","☀️ VARĂ? Ne ocupăm noi! – Campanie dedicată produselor de protecție solară

Incepând cu 19 Mai, clienții pot descoperi oferte speciale la produse de protecție solară și îngrijire pentru sezonul de vară.

🌴 Temperaturile cresc, iar interesul pentru SPF și skincare de vară este deja în plină ascensiune — momentul perfect pentru promovare.

🌞 Branduri vedetă în campanie:
•	Avène 
•	La Roche-Posay 
•	Bioderma 
•	Vichy 
•	Pharmaceris 
•	Skinexpert by Dr. Max 
•	Eucerin 
",,www.drmax.ro/frumusete-si-ingrijire/protectie-solara,
janta.ro ,Cu JANTA.RO si Autonom Protect Nu ramai in pana,2026-05-18 21:00:00 UTC,2026-06-29 21:00:00 UTC,Bannerele campaniei le gasiti pe link-ul urmator: https://drive.google.com/drive/folders/1YMJ8FVrmfe43gW9mPo94XVlN8b72C2ST?usp=sharing,"Salut,

Avem o campanie nou. La fiecare comanda de 4 anvelope sau 4 roti complete clientii primesc GRATIS Autonom Protect pe tot teritoriul României.

Beneficii:

In caz de pana:

-tractare pana cel mai apropiat service pe o distanta de 50 km pe sens.

In caz de accident

-tractare fara limita de kilometri pana la cea mai apropiata unitate de service din reteaua Autonom Protect.
-consultanta dosar dauna
-masina la schimb in baza normei RCA

Durata campaniei: 19.05.2026-30.06.2026

Asigurarea este valabila 365 de zile.

Bannerele campaniei le gasiti pe link-ul urmator: https://drive.google.com/drive/folders/1YMJ8FVrmfe43gW9mPo94XVlN8b72C2ST?usp=sharing

Regulamentul campaniei il gasiti aici: https://www.blog.janta.ro/post/cu-janta-ro-si-autonom-protect-nu-ramai-in-pana",,https://www.janta.ro/wheelsportal/84677/start,Special Banners
imker.ro,"Campanie -33% pachetul IMKER Explorer cu difuzor smart de parfum, geanta si 10 arome",2026-05-18 21:00:00 UTC,2026-05-28 21:00:00 UTC,"*Focus pe performantele parfumarii premium IMKER cu aparatul smart IMKER AromaLUX XS02.AC Plus, geanta de depozitare si 10 rezerve de parfum premium best-seller
*solutia de parfumare persistenta care chiar functioneaza, posibilitatea de reglare a intensitatii, senzor de miscare, acumulator de mare putere
*pentru pasionatii de parfumuri si auto
*-33% reducere la acest pachet
*parfumare premium rafinata, stiluri diferite de parfum (echilibrat, fresh, masculin, lemnos, fructat, gurmand, arabesc etc.)
#exploreazaIMKER #parfumautoIMKER #parfumpremiumIMKER #difuzorsmartIMKER #pachetpromoIMKER","Promo -33% la noul pachet IMKER Explorer.
IMKER Explorer XS02.AC Plus este un pachet complet cu difuzor de parfum, cea mai recentă versiune XS02.AC Plus, 10 arome de parfum perfect compatibile de 10 ml și geantă elegantă pentru depozitare.
Poate fi folosit în mașină sau acasă ori la birou (spații de aproximativ 10 mp)

Aparatul oferă performanță premium smart, aspect elegant, fiabil și funcționalități care creează și mai mult confort și flexibilitate a parfumării (acumulator puternic de 2000 mAh, senzor de mișcare, moduri Home/Car, două culori, lumini ambientale etc.)

Diversitate de arome - 5 arome Bestseller din colectia AromaNatural + 5 arome Bestseller din colectia GoodLife vor oferi un spațiu divers de explorare pentru 12-18 luni pe care le poți ține ordonate în geanta elegantă specială IMKER.","",https://www.imker.ro/odorizante-auto-profesionale/pachet-odorizant-auto-casa-xs02-plus-10-parfumuri-geanta.html,Bonuses & Challenges
benvenuti.com/ro,Legendary Sale,2026-05-18 21:00:00 UTC,2026-06-29 21:00:00 UTC,Promovarea trebuie facuta intr-o maniera clara si concisa.,Pana la 30% reducere la produsele selectate.,"",https://www.benvenuti.com/ro/reduceri,
noriel.ro ,20% Reducere la jucarii si jocuri | Cod: KIDS20 |18-24.05.2026,2026-05-17 22:00:00 UTC,2026-05-24 20:45:00 UTC,-,"Lumea cu imaginatie aduce vesti minunate! Aplica in cosul de cumparaturi codul KIDS20 si ai 20% Reducere la jucarii si jocuri. ❤️🧸Promotia este valabila exclusiv online, in perioada 18-24 Mai, in limita stocului disponibil. Reducerea nu se aplica produselor care sunt in stoc furnizor, Pokémon TCG  si nu se cumuleaza cu alte promotii.",KIDS20 ,https://noriel.ro/,Special Banners
noriel.ro ,Super Oferte - Reduceri de pana la 50% | 18–24.05.2026,2026-05-17 22:00:00 UTC,2026-05-24 20:45:00 UTC,-,"Super oferte te asteapta pe noriel.ro! 🎉
Am pregatit reduceri de pana la 50% la o multime de produse. 
✨ Descopera acum ofertele speciale pe noriel.ro >> https://noriel.ro/
Promotia este valabila in perioada 18–24.05.2026, in limita stocului disponibil.","",https://noriel.ro/promotii,Special Banners
elefant.ro,🎉 elefant Fest - până la 90% (18 - 24 mai) 🎉,2026-05-17 21:00:00 UTC,2026-05-24 20:45:00 UTC,"Ne bucurăm să vă anunțăm că în perioada 18-24 mai vom desfășura campania elefant Fest, cea mai mare campanie a lunii mai. În cadrul evenimentului vom avea:
✔ reduceri de până la 90%
✔ cărți cadou de la Litera, Nemira, Storia și Publica, în limita stocului disponibil

🚨 De aici puteți descărca bannerele 👉 https://www.swisstransfer.com/d/4d37b49e-b64f-4e2e-8510-7a7ece5d5837 
",Participă le elefant Fest în perioada 18 - 24 mai și te poți bucura de reduceri de până la 90% la cărțile preferate!,,https://elefant.ro,Special Banners
automobilus.ro,Livrare rapida si in easy box!,2026-05-17 21:00:00 UTC,2026-06-30 21:00:00 UTC,"-brand puternic
-valoarea cosului mare
-plata rapida a comisioanelor",Pe automobilus.ro iti poti gasi orice piesa ai nevoie doar introducand seria de sasiu!,,https://automobilus.ro,
automobilus.ro,Mirka POLAROS RP 600 – Noul etalon al polishului profesional acum cu 20% reducere,2026-05-17 21:00:00 UTC,2026-06-30 21:00:00 UTC,"un produs premium la un pret foarte bun (are 20% reducere), valoare foarte mare a cosului
","Mirka POLAROS RP 600 o mașină de polish rotativă care redefinește performanța, un polizor rotativ de 150 mm, cu motor brushless de 750 W, Poate fi folosita atat in ateliere   auto cat si in industria marina.
Definita printr-un corp compact, cu profil redus, inspirat din premiata platformă Mirka DEROS, oferă o poziție naturală a mâinilor aproape de suprafață.
Cu o greutate de doar 1,75 kg, POLAROS RP 600 este una dintre cele mai ușoare mașini de polish din clasa sa – o diferență reală pentru profesioniștii care lucrează ore întregi fără întrerupere.",,https://automobilus.ro/mirka-polaros-rp-600-noul-etalon-al-polishului-profesional,Special Banners
kfea.ro,Kfea.ro împlinește 20 de ani,2026-05-17 21:00:00 UTC,2026-06-06 21:00:00 UTC,"Salutare!
Kfea.ro împlinește 20 de ani, iar în această perioadă desfășurăm o campanie specială: 20 de zile de reduceri aniversare.
În fiecare zi vom avea un produs diferit cu reducere specială, iar campania este deja live aici: https://kfea.ro/aniversare-20-ani
Pentru promovare, am încărcat în platformă și o serie de bannere dedicate campaniei, iar codul KFEA20 oferă 5 lei reducere la orice comandă de peste 99,99 lei.
Mulțumim că faceți parte din comunitatea Kfea.ro și spor la conversii! 🚀","🎉 Kfea.ro împlinește 20 de ani! 🎉
Ne bucurăm să sărbătorim împreună două decenii de pasiune pentru cafea! ☕❤

Ca să-ți mulțumim că ai fost alături de noi în această călătorie aromată, ți-am pregătit 20 de zile pline de surprize: oferte exclusive, reduceri speciale și cadouri dedicate iubitorilor de cafea.

În fiecare zi te așteaptă o nouă surpriză, disponibilă în stoc limitat, pe pagina aniversară Kfea.ro - https://www.kfea.ro/aniversare-20-ani

Îți mulțumim că faci parte din povestea noastră!💛

#kfea20ani #etolia #kfearo #cafeaproaspatprajita #specialtycoffee",KFEA20,https://www.kfea.ro/aniversare-20-ani,Special Banners
kidstory.ro,Campanie 1 Iunie,2026-05-16 21:00:00 UTC,2026-06-18 21:00:00 UTC,"1% in plus pentru 10 comenzi in perioada 18.05-19.06
2% in plus pentru 20 comenzi in perioada 18.05-19.06
3% in plus pentru 30 comenzi in perioada 18.05-19.06",Reduceri de pana la 50% pentru Ziua Copilului!,,https://www.kidstory.ro/promotii-jucarii,Bonuses & Special Banners
librarie.net,Book-Half. Minim 50% Reducere la peste 800 de titluri (15.05.2026 - 31.08.2026),2026-05-15 21:00:00 UTC,2026-08-30 21:00:00 UTC,-,"Book-Half a început pe Librarie.net! 
Avem peste 800 de titluri cu reduceri de minimum 50%.

Fie că vânezi un bestseller, vrei să pregătești lecturile de vacanță ale copiilor sau cauți acel titlu de dezvoltare personală care să te motiveze, acum le iei la preț de outlet.

✅ Peste 800 de titluri la -50% sau mai mult 
✅ Toate genurile literare incluse 
✅ Stocuri care se epuizează rapid

Link campanie:

https://www.librarie.net/c/4628/minim-50-reducere

Spor la conversii!

Echipa LIBRARIE.net",,https://www.librarie.net/c/4628/minim-50-reducere,
librarie.net,Bursa Cărților Ieftine: Ediția sub 15 lei (15 mai 2026 - 31 august 2026),2026-05-15 21:00:00 UTC,2026-08-30 21:00:00 UTC,"Campanie excelenta pentru campania de premiile de sfarsit de an scolar, contine majoritatea editurilor cu profil de lectura pentru vacanta.","A început Bursa Cărților Ieftine și prețurile au scăzut sub pragul de 15 lei! 

De la povești pentru copii și auxiliare școlare, până la romane captivante,  campania contine peste 2000 de titluri care costă mai puțin decât o cafea to-go.

✅ Mii de cărți sub 15 lei
✅ Ideal pentru cadouri și provizii de lectură pentru vacanță
✅ Stocuri suficiente la prețurile astea!

Link campanie:

https://www.librarie.net/c/4637/bursa-c%C4%83r%C8%9Bilor-ieftine-edi%C8%9Bia-sub-15

Spor la conversii!

Echipa LIBRARIE.net",,https://www.librarie.net/c/4637/bursa-c%C4%83r%C8%9Bilor-ieftine-edi%C8%9Bia-sub-15,
librarie.net,Târgul de Primăvară 2026 (15 mai 2026 - 31 mai 2026),2026-05-15 21:00:00 UTC,2026-05-30 21:00:00 UTC,-,"Primăvara se încheie cu noutăți în bibliotecă!

Profită de Târgul de Primăvară 2026 până la sfârșitul lunii! 

Ocazia perfectă pentru clienți să iși  aleagă lecturile preferate  înainte de vară la prețuri de sărbătoare.

📅 Valabil până pe 31 mai.
✨ Peste 10.000 de cărți așteaptă la un click distanță.

https://www.librarie.net/c/4621/t%C3%A2rgul-prim%C4%83var%C4%83-2026

Spor la conversii!

Echipa LIBRARIE.net",,https://www.librarie.net/c/4621/t%C3%A2rgul-prim%C4%83var%C4%83-2026,
kamin.ro,Gratar WEBER Gratuit,2026-05-15 21:00:00 UTC,2026-05-30 21:00:00 UTC,"In perioada 16.05-31.05, orice comanda cu valoare minima de 3700 lei si o sursa de caldura incluse, primeste gratuit un Gratar Weber Compact Kettle pe carbuni. ",Comanda o sursa de caldura in valoare de 3700 lei si primesti cadou un gratar Weber,,https://www.kamin.ro/blog/kamin-ofera-cadou-un-gratar-weber-la-comanda-unei-surse-de-caldura-minim-3700-lei,
atelier49.ro,Reduceri de până la 52% la produse artizanale românești,2026-05-14 21:00:00 UTC,2026-05-30 21:00:00 UTC,Urmeaza sa implementam comisioane de 12% pentru categoria cadouri. Produsele din aceasta categorie pot fi personalizate si se vand foarte bine. Piesele de mobilier sunt o alta optiune pe care va rugam sa o luati in calcul datorita AOV-ului ridicat si potentialului de castig. ,"Beneficiază de reduceri de până la 52% la cadouri, decorațiuni și produse artizanale realizate din materiale naturale (lemn, sticlă, metal, ceramică, lână) în România, perfecte pentru aniversări și zile de naștere, locuință, pensiuni, decor rustic și tradițional, sărbători etc.

Discounturile sunt aplicate automat pe site. Unele produse din categoria cadouri pot fi personalizate. Toate comenzile beneficiaza de o perioada de retur de 30 de zile.  ","",https://www.atelier49.ro/,Special Product Feed
carturesti.ro ,Tombolă Dixit,2026-05-14 21:00:00 UTC,2026-05-31 21:00:00 UTC,"Jocurile din seria Dixit sunt mai mult decât simple board games; sunt ferestre deschise către o lume unde regulile logicii lasă loc intuiției și visării. Dixit a devenit un simbol al reconectării, oferind un spațiu sigur în care limbajul vizual deblochează amintiri și metafore surprinzătoare, indiferent de vârstă.

Te invităm să duci experiența la înălțime: cumpără orice joc de bază sau extensie Dixit în stoc pe carturesti.ro, în perioada 15 mai – 1 iunie, și poți câștiga, prin tragere la sorți, un zbor cu balonul pentru două persoane sau extensii pentru a-ți completa colecția.

Pentru a intra în tragerea la sorți, bifează căsuța „Vreau să mă înscriu la tombola Dixit” din pagina de checkout. Promoția este valabilă exclusiv online, în limita stocului disponibil.","Jocurile din seria Dixit sunt mai mult decât simple board games; sunt ferestre deschise către o lume unde regulile logicii lasă loc intuiției și visării. Dixit a devenit un simbol al reconectării, oferind un spațiu sigur în care limbajul vizual deblochează amintiri și metafore surprinzătoare, indiferent de vârstă.

Te invităm să duci experiența la înălțime: cumpără orice joc de bază sau extensie Dixit în stoc pe carturesti.ro, în perioada 15 mai – 1 iunie, și poți câștiga, prin tragere la sorți, un zbor cu balonul pentru două persoane sau extensii pentru a-ți completa colecția.

Pentru a intra în tragerea la sorți, bifează căsuța „Vreau să mă înscriu la tombola Dixit” din pagina de checkout. Promoția este valabilă exclusiv online, în limita stocului disponibil.",,https://carturesti.ro/offer/tombola-dixit-6588,Special Banners
carturesti.ro ,Legami Good Vibes cu până la -25% reducere,2026-05-14 21:00:00 UTC,2026-06-14 21:00:00 UTC,"Cea mai frumoasă destinație de vacanță este, de fapt, o stare de spirit. Pentru a o atinge, am creat un „kit de supraviețuire” pentru zilele însorite, unde estetica veselă întâlnește distracția pură. Colecția Good Vibes - Legami este biletul tău către o vacanță continuă, unde accesoriile gonflabile spectaculoase și jocurile de vară transformă orice piscină într-o oază de relaxare, departe de zgomotul notificărilor.

Transformă-ți vara într-o experiență memorabilă cu accesoriile Good Vibes, cu până la 25% reducere în perioada 15 mai – 15 iunie.

Promoția este valabilă pe carturesti.ro, în limita stocului disponibil. Nu se cumulează cu alte promoții și reduceri.","Cea mai frumoasă destinație de vacanță este, de fapt, o stare de spirit. Pentru a o atinge, am creat un „kit de supraviețuire” pentru zilele însorite, unde estetica veselă întâlnește distracția pură. Colecția Good Vibes - Legami este biletul tău către o vacanță continuă, unde accesoriile gonflabile spectaculoase și jocurile de vară transformă orice piscină într-o oază de relaxare, departe de zgomotul notificărilor.

Transformă-ți vara într-o experiență memorabilă cu accesoriile Good Vibes, cu până la 25% reducere în perioada 15 mai – 15 iunie.

Promoția este valabilă pe carturesti.ro, în limita stocului disponibil. Nu se cumulează cu alte promoții și reduceri.",,https://carturesti.ro/offer/good-vibes-6587,Special Banners
ookee.ro,1 iunie - Pentru ziua copilului tau! | Ookee.ro,2026-05-14 21:00:00 UTC,2026-06-13 21:00:00 UTC,1 iunie -Jucarii si selectii Pentru ziua copilului tau! | Ookee.ro - landingpage promo,1 iunie -Jucarii si selectii Pentru ziua copilului tau! | Ookee.ro,"",https://www.ookee.ro/3516-1-iunie,Special Banners
f64.ro ,Sezonul Creatorilor a început! Cod EXTRA pentru reduceri de până la 80% la vlogging gear!,2026-05-13 09:00:00 UTC,2026-06-02 20:45:00 UTC,"În Sezonul Creatorilor, vă invităm să păstrați comunicarea simplă, prietenoasă și orientată spre inspirație. Voi sunteți cei care duceți mesajul mai departe, așa că menționați clar codul EXTRA și faptul că aduce reduceri între 5% și 80% la produsele participante. Folosiți vizualuri autentice, cu oameni care filmează, editează sau creează conținut pentru TikTok, Reels sau YouTube — imagini care îi fac pe creatori să se vadă în ele. Adaptați mesajele pentru începători și pentru cei care își fac upgrade la gear, evitați detaliile tehnice și puneți accent pe vibe-ul „puteți începe chiar acum”. Mențineți CTA-uri directe și prietenoase și reamintiți-le clienților că reducerea se activează în coș.","E timpul să creezi fără limite!  
În Sezonul Creatorilor, ai un cod EXTRA care îți aduce până la 80% reducere la echipamentele de vlogging și content creation.

Aplică EXTRA în coș și vezi cum prețurile scad instant.
Perfect pentru:
- cei care vor să înceapă vlogging-ul
- creatori de TikTok, Reels, YouTube
- upgrade de gear pentru proiecte noi

Tu aduci ideile. Noi aducem echipamentul. Aplica codul EXTRA în coș și bucură-te de reduceri!",,https://www.f64.ro/oferte-speciale,Special Banners
ada-shoes.ro,15% EXTRA reducere,2026-05-12 21:00:00 UTC,2026-05-30 21:00:00 UTC,"Campania se desfasoara in perioada 14-31 MAI 2026
Clientul beneficieaza de 15% reducere EXTRA la orice produs
","Clientul beneficieaza de 15% EXTRA reducere la orice produs
Reducerea se aplică automat după ce adauga produsul/produsele în coș 
Inclusiv produse deja reduse 
","",https://ada-shoes.ro/,
doctorshield.ro/,"Birouri Gaming cu preturi de la 299,98 lei + Livrare si retur GRATUIT",2026-05-12 21:00:00 UTC,2026-06-03 20:45:00 UTC,TRANSPORTUL ȘI RETURUL SUNT GRATUITE LA TOATE COMENZILE,"Alege dintr-o selectie de birouri de gaming cu preturi incepand de la 299,98 lei + Livrare si retur GRATUIT",,https://doctorshield.ro/cat/birouri-gaming/,
expomob.ro,Black Friday de primavara cu reduceri de pana la -55% la mobila,2026-05-12 21:00:00 UTC,2026-05-31 20:45:00 UTC,Black Friday de primavara cu reduceri de pana la -55% la mobila,"A inceput Black Friday de primavara la Expomob, cu reduceri de pana la -55% la mobila living, mobila dormitor, mobila bucatarie, mobila pentru camera copilului, mobila terasa si multe altele. Promotie valabila pana pe 31.05.2026!",,https://www.expomob.ro/promotii-expomob,
autobob.ro,Reduceri de pana la -40% la brandul Motul,2026-05-12 21:00:00 UTC,2026-06-12 20:45:00 UTC,Reduceri de pana la -40% la brandul Motul,"Reduceri de pana la -40% la brandul Motul - Uleiuri si Lichide Auto, Moto/Atv, Intretinere auto si pachete revizie.",,https://www.autobob.ro/produse/motul,
sportdepot.ro,"Mid Season Sale la SportDepot.ro cu reduceri de pana la -40% la selectia Nike, Puma, Adidas, Under Armour, Guess si Brille",2026-05-12 21:00:00 UTC,2026-05-25 20:45:00 UTC,"Mid Season Sale cu reduceri de pana la -40% la selectia Nike, Puma, Adidas, Under Armour, Guess si Brille","Mid Season Sale cu reduceri de pana la -40% la selectia Nike, Puma, Adidas, Under Armour, Guess si Brille. In acesta selectie gasesti imbracaminte, incaltaminte, echipament sport.",,https://www.sportdepot.ro/mid_season_sale_pana_la_40/promotion-011f83d6dfd4a7e7d64994b1fefbf9e0,
sportdepot.ro,"Promotie SportDepot.ro - 20% Reducere CORDILLERO, DEMIX, JOSS, OUTVENTURE, TERMIT",2026-05-12 21:00:00 UTC,2026-05-25 20:45:00 UTC,"Promotie SportDepot.ro - 20% Reducere CORDILLERO, DEMIX, JOSS, OUTVENTURE, TERMIT","Bucura-te de o reducere de 20% la brandurile CORDILLERO, DEMIX, JOSS, OUTVENTURE, TERMIT pana pe 25.05.2026",,https://www.sportdepot.ro/vibe_activ_20_reducere_cordillero_demix_joss_outventure_termit/promotion-7d0349905a412c06e0f50fcb8f1ace6f,
sportdepot.ro,Cod reducere SportDepot.ro -10% EXTRA reducere la Puma Timeless collection,2026-05-12 21:00:00 UTC,2026-05-27 20:45:00 UTC,Cod reducere SportDepot.ro -10% EXTRA reducere la Puma Timeless collection,"Cod reducere SportDepot.ro -10% EXTRA reducere la Puma Timeless collection. In colectie gasesti imbracaminte, incaltaminte, echipament sport si accesorii.",PUMA10,https://www.sportdepot.ro/puma_timeless_collection_extra_10_reducere_promo_cod_puma10/recommended-1299,
sportdepot.ro,Promotie SportDepot.ro -15% la selectia de tricouri,2026-05-12 21:00:00 UTC,2026-05-25 20:45:00 UTC,Promotie SportDepot.ro -15% la selectia de tricouri,"Promotie SportDepot.ro -15% la selectia de tricouri de femei, barbati si copii, de la branduri precum: Columbia, The North Face, Oakley si multe altele.",,https://www.sportdepot.ro/outdoor_tricouri_reducere_15/promotion-225db47ed79974eec8e0cb9511836290,
vonmag.ro,🔥  Lichidare stoc Hikvision HiWatch,2026-05-12 21:00:00 UTC,2026-06-15 20:45:00 UTC,"🔥 Mega Lichidare de stoc Hikvision HiWatch — până la 40% reducere la camere de supraveghere, în limita stocului disponibil!","Până la 40% reducere la camere de supraveghere, în limita stocului disponibil!",,https://www.vonmag.ro/oferte/hwls,
femieko.ro,Luna Menstruației la Femi.Eko 🌸,2026-05-11 21:00:00 UTC,2026-05-30 21:00:00 UTC,"Perioada campaniei

11 Mai – 31 Mai

Mecanica promoției
Clienții pot învârti Roata Femi.Eko pentru a primi coduri de discount
Orice comandă de peste 89 lei beneficiază de un cadou garantat, ales de client
Transport gratuit la locker pentru comenzile eligibile
Produse promovate
Chiloți menstruali
Costume de baie menstruale
Cupe menstruale
Discuri menstruale
Accesorii și produse complementare
Mesaje recomandate
„Alege-ți cadoul preferat la comenzi de peste 89 lei”
„Învârte Roata Femi.Eko și descoperă discountul tău”
„Confort și protecție pentru fiecare perioadă”
„Produse reutilizabile create pentru libertate și confort”
„Campanie specială Luna Menstruației”
Beneficii cheie
Produse reutilizabile și sustenabile
Confort și protecție pentru activitățile zilnice
Alternative moderne pentru perioada menstruală
Potrivite pentru lifestyle activ, sport, vacanțe și utilizare zilnică
Recomandări de promovare
Social Media Posts
Instagram Reels / TikTok
Newslettere
Articole de blog
Recomandări personale / UGC content
Campanii de conversie și awareness
Landing Page

Femi.Eko România

Mulțumim pentru colaborare și mult succes la conversii 💜","Am lansat oficial campania „Luna Menstruației” pe Femi.Eko, iar perioada aceasta vine cu oportunități foarte bune de conversie 💜

🔹 Clienții pot învârti Roata Femi.Eko pentru a primi coduri de discount
🔹 Orice comandă de peste 89 lei primește un cadou garantat, ales de client
🔹 Campania este activă până pe 31 mai

Am pregătit comunicare specială pentru campanie, iar mecanica de promo este gândită pentru a crește engagement-ul și rata de conversie.

Ne-ar bucura să promovați campania în această perioadă prin articole, social media, newslettere sau content dedicat.

Mulțumim pentru colaborare și mult succes la conversii! 🌿","",https://femieko.ro,Special Banners
manukashop.ro,Transport gratuit la orice comanda!,2026-05-11 21:00:00 UTC,2027-01-30 22:00:00 UTC,"Transportul va fi lasat gratuit la orice comanda pe toata perioada anului 2026 deci puteti ajusta campaniile dvs pentru tot anul avand acest avantaj.  Exista si discounturi zilnice in functie de produs , pret aplicat direct pe site. ","Transport gratuit la orice comanda si discounturi zilnice si dinamica pe site.  Nu este necesar cupon, transportul e gratuit automat si discounturile aplicate deja la pret produs pe site direct.  Va multumim.","",https://manukashop.ro,
vetro.ro,Lichidari stoc produse medicale,2026-05-11 21:00:00 UTC,2026-06-29 21:00:00 UTC,"Produse cu reduceri de pana la 90%, cu stoc limitat! 

De ce sunt aceste produse atât de ieftine?
Lichidare de stoc
Termen de valabilitate apropiat
Actualizare de gamă sau ambalaj
Oportunități unice, cantități limitate

Ce tipuri de produse poți găsi?
Consumabile medicale (mănuși, măști, dezinfectanți)
Produse pentru îngrijire și recuperare
Echipamente de protecție
Alte produse medicale autorizate

Informații importante
Toate produsele sunt avizate
Data de expirare este afișată clar pe pagina fiecărui produs
Reducerile se aplică doar până la epuizarea stocului
Produsele cu termen apropiat de expirare nu se pot returna, conform legislației în vigoare","Produse medicale la prețuri excepționale, cu reduceri de până la 90%, disponibile pentru o perioadă limitată.  Aceste produse provin din stocuri care urmează să fie epuizate sau sunt aproape de data expirării, dar sunt perfect conforme și sigure pentru utilizare, în condițiile specificate de producător. ",,https://www.vetro.ro/lichidari/produse-medicale-reduceri-lichidare-stoc,Special Banners
vetro.ro,Lichidare stoc - produse cosmetice,2026-05-11 21:00:00 UTC,2026-06-30 20:45:00 UTC,"Consumabile cosmetice la prețuri excepționale, cu reduceri de până la 90%, disponibile pentru o perioadă limitată. 

De ce sunt aceste produse la preț redus?
Lichidare de stoc 
Produse cu termen de expirare apropiat
Schimbări de gamă, ambalaj sau colecție
Reduceri excepționale, disponibile în cantități limitate

Ce tipuri de produse cosmetice găsești?
Produse pentru fata
Produse pentru corp
Produse pentru păr

Informații importante
Produsele sunt conforme cu standardele de calitate
Data de expirare este afișată clar în pagina fiecărui produs
Reducerile se aplică doar până la epuizarea stocului

Produsele cu termen de valabilitate apropiat nu se pot returna, conform legislației în vigoare.","Consumabile cosmetice la prețuri excepționale, cu reduceri de până la 90%, disponibile pentru o perioadă limitată. Produsele din această categorie provin din stocuri care urmează să fie epuizate sau au termen de valabilitate apropiat.",,https://www.vetro.ro/lichidari/produse-cosmetice-lichidare-stoc,Special Banners
vetro.ro,Lichidare stoc - produse birou,2026-05-11 21:00:00 UTC,2026-06-30 20:45:00 UTC,"Oferte incredibile la produse pentru birou, cu reduceri de până la 90%. Această categorie include articole de uz general care urmează să iasă din stoc sau au termen de expirare apropiat.

De ce sunt aceste produse atât de ieftine?
Lichidare de stoc
Produse cu termen de expirare apropiat
Actualizare de gamă sau ambalaj

Oportunități unice, cantități limitate
Ce tipuri de produse pentru birou găsești?
Consumabile 
Echipamente mici de birou 
Alte produse de uz general pentru birou

Informații importante
Produsele sunt conforme standardelor
Data de expirare sau starea stocului este afișată clar pe pagina fiecărui produs
Reducerile se aplică doar până la epuizarea stocului
Produsele cu termen de expirare apropiat nu se pot returna, conform legislației","Bucură-te de oferte incredibile la produse pentru birou, cu reduceri de până la 90%. Această categorie include articole de uz general care urmează să iasă din stoc sau au termen de expirare apropiat.",,https://www.vetro.ro/lichidari/produse-birou-reduceri,Special Banners
vetro.ro,Lichidari de stoc - masini si utilaje de croitorie,2026-05-11 21:00:00 UTC,2026-06-30 20:45:00 UTC,"Mașini și utilaje de croitorie la prețuri reduse, ideale pentru ateliere de croitorie, designeri de modă sau pasionați de cusut. 

De ce sunt aceste produse la prețuri speciale?
Reduceri exclusive
Lichidare de stoc sau produse înlocuite cu modele noi
Oportunități limitate, cantități reduse

Ce tipuri de produse găsești?
Mașini de cusut electrice și industriale
Mașini de brodat
Overlock și coverlock
Mașini de tăiat și utilaje pentru confecții
Accesorii și consumabile pentru mașini de croitorie

Informații importante
 Produsele sunt originale și de calitate garantată
 Reducerile se aplică doar până la epuizarea stocului","Mașini și utilaje de croitorie la prețuri speciale, cu reduceri pentru o perioadă limitată de timp. Această categorie include produse de calitate, ideale pentru ateliere de croitorie, designeri de modă sau pasionați de cusut, la prețuri mult mai avantajoase.",,https://www.vetro.ro/lichidari/masini-utilaje-croitorie-reduceri,Special Banners
carturesti.ro ,Colorezi și te relaxezi,2026-05-11 21:00:00 UTC,2026-05-24 21:00:00 UTC,"Terapia prin culoare este cadoul pe care ți-l poți face atunci când vrei să închizi ecranele și să te întorci la tactil. Selecția noastră de cărți de colorat pentru adulți este concepută ca un refugiu urban, unde liniile fine devin un ghid spre claritate mentală și reducerea stresului.


Redescoperă bucuria nuanțelor cu 50% reducere la a doua carte sau planșă de colorat adăugată în coș, în perioada 12-25 mai. Este o oportunitate excelentă de a-ți extinde colecția sau de a împărtăși un moment de liniște cu cineva drag.


Promoția este valabilă pe carturesti.ro, în limita stocului disponibil. Reducerea de 50% se acordă pentru al doilea produs, cel cu valoarea mai mică, în coșul de cumpărături. Nu se cumulează cu alte promoții și reduceri.","Terapia prin culoare este cadoul pe care ți-l poți face atunci când vrei să închizi ecranele și să te întorci la tactil. Selecția noastră de cărți de colorat pentru adulți este concepută ca un refugiu urban, unde liniile fine devin un ghid spre claritate mentală și reducerea stresului.


Redescoperă bucuria nuanțelor cu 50% reducere la a doua carte sau planșă de colorat adăugată în coș, în perioada 12-25 mai. Este o oportunitate excelentă de a-ți extinde colecția sau de a împărtăși un moment de liniște cu cineva drag.


Promoția este valabilă pe carturesti.ro, în limita stocului disponibil. Reducerea de 50% se acordă pentru al doilea produs, cel cu valoarea mai mică, în coșul de cumpărături. Nu se cumulează cu alte promoții și reduceri.",,https://carturesti.ro/offer/colorezi-si-te-relaxezi-6585,Special Banners
fera.ro,5% discount prima comanda,2026-05-11 10:30:00 UTC,2026-06-29 21:00:00 UTC,5% discount la prima comandă plasată pe site. Discount-ul se aplică per întreg coșul de cumpărături.,Beneficiază de 5% discount la prima comandă plasată pe site. Discount-ul se aplică per întreg coșul de cumpărături.,FERANEW,https://fera.ro/5-reducere.html,Special Banners
dacris.net,"Accesorii premium pentru laptop, mouse, tastatură și hub-uri",2026-05-10 21:00:00 UTC,2026-05-30 21:00:00 UTC,"Accesorii Kensington disponibilă pe dacris.ro: mouse-uri ergonomice, tastaturi wireless, hub-uri USB-C și docking stations. Menționați compatibilitatea cu Mac, Windows și Chromebook.","Descoperă gama completă de accesorii Kensington pentru laptop — mouse-uri ergonomice, tastaturi wireless, hub-uri USB și docking stations. Produse certificate, compatibile cu orice laptop sau MacBook, concepute pentru profesioniști care lucrează de acasă sau la birou.",,https://www.dacris.net/kensington,Special Banners
zephyrlabs.ro,Promotie -33% Mai - Septembrie pentru oricare 2 produse identice de la Melegatti Pharma,2026-05-08 21:00:00 UTC,2026-09-29 21:00:00 UTC,"Aceasta promotie nu are limita de utilizare
In landing page-ul site-ului https://www.zephyrlabs.ro/ se afla banner-ul ce semnaleaza promotia, iar landing page-ul pentru produsele la promotie se afla aici https://www.zephyrlabs.ro/promo-ianuarie-aprilie","Promotie -33% reducere in lunie Mai - Septembrie pentru oricare 2 produse identice de la Melegatti Pharma, nu este necesara aplicarea unui voucher pentru aceasta promotie.",,https://www.zephyrlabs.ro/promo-ianuarie-aprilie,
yves-rocher.ro,APĂ MICELARĂ 200 ML OFERITĂ,2026-05-06 22:00:00 UTC,2026-06-16 21:45:00 UTC,"Ofertă valabilă în perioada 06.05.2026 – 16.06.2026, dintr-o selecție, în limita stocurilor disponibile. La achiziționarea produselor HYDRA WATER PLUMP sau SEBO ACTIVE CLEAR, o Apă micelară 200 ml îți este OFERITĂ. Oferta nu poate fi combinată cu alte promoții. Oferta este disponibilă 1 dată/comandă. Surpriza se cumulează cu surprizele aferente pragurilor de 79 LEI, respectiv 200 LEI, în cazul în care acestea sunt atinse.","Ofertă valabilă în perioada 06.05.2026 – 16.06.2026, dintr-o selecție, în limita stocurilor disponibile. La achiziționarea produselor HYDRA WATER PLUMP sau SEBO ACTIVE CLEAR, o Apă micelară 200 ml îți este OFERITĂ. Oferta nu poate fi combinată cu alte promoții. Oferta este disponibilă 1 dată/comandă. Surpriza se cumulează cu surprizele aferente pragurilor de 79 LEI, respectiv 200 LEI, în cazul în care acestea sunt atinse.",,https://www.yves-rocher.ro/apa-micelara-oferita/c/face-care-offer-05,Special Banners
yves-rocher.ro, 2+1 OFERIT,2026-05-06 22:00:00 UTC,2026-06-16 21:30:00 UTC,"Ofertă în limita stocurilor disponibile, dintr-o selecție, în perioada 06.05-16.06.2026. La achiziționarea a două rezerve de 600 ml Șampoane & Geluri de Duș, o a 3-a rezervă cu prețul standard cel mai mic, îți este OFERITĂ. Oferta este multiplă. Oferta nu poate fi cumulată cu alte oferte sau promoții. Oferta este valabilă pe e-shop-ul www.yves-rocher.ro , în magazine și în aplicația mobilă. Înainte de a confirma comanda, te rugăm să verifici dacă produsele OFERITE au fost adăugate în coș. În caz contrar, nu beneficiezi de promoție.",AI 2+1 OFERIT LA TOATE REZERVELE! PROFITĂ DE OFERTĂ!,,https://www.yves-rocher.ro/2-1-oferit/c/2plus1-refills,Special Banners
sculepescuit.ro,Set 4 avertizori pescuit cu statie Cool Angel – Cel mai bun pret din piata! (Best Seller 7% comision),2026-05-06 21:00:00 UTC,2026-08-30 21:00:00 UTC,"Ghid de Promovare SculePescuit.ro

Suntem bucurosi sa te avem in echipa! Pentru o colaborare de succes si comisioane cat mai mari, te rugam sa respecti urmatoarele linii directoare:

Reguli de Aur (Ce este permis):
Creativitate in continut: Incurajam review-urile de produs, testele pe malul apei si postarile de tip ""recomandarea saptamanii"" pe Facebook, YouTube sau TikTok.

Transparenta: Mentioneaza intotdeauna ca folosesti link-uri de afiliere, conform politicilor retelei.

PPC Marketers: Permitem promovarea prin Google Ads si Facebook Ads, cu conditia de a trimite traficul catre pagini de aterizare relevante.

Restrictii (Ce este interzis):
Brand Bidding: Este strict interzisa licitarea pe cuvinte cheie care contin numele brandului nostru (ex: ""sculepescuit.ro"", ""scule pescuit ro"") in campaniile Google Ads.

Spam: Nu toleram promovarea prin mesaje nesolicitate, grupuri de spam sau tehnici de tip ""pop-under"".

Informatii false: Nu afisati preturi eronate sau reduceri care nu exista pe site pentru a atrage click-uri.

Bonusuri si Beneficii Extra:
Performanta rasplatita: Daca depasesti pragul de 20 de vanzari intr-o luna, contacteaza-ne pentru o crestere temporara a comisionului la 8%.

Suport dedicat: Ai nevoie de un banner personalizat cu un anumit produs sau de un feed specific? Suntem aici sa te ajutam cu orice material grafic necesar.

Produse in test: Pentru vloggerii cu o audienta relevanta si activa, putem discuta despre trimiterea unor produse spre testare si review.

Obiectivele noastre comune:
Vrem sa oferim pescarilor cele mai bune produse la preturi corecte. Promovand calitatea si onestitatea, rata de conversie va fi mereu in favoarea ta!","Set 4 avertizori pescuit cu statie Cool Angel – Pret IMBATABIL 

https://sculepescuit.ro/product/set-4-avertizori-pescuit-cu-statie-cool-angel-4-culori-si-geanta-protectie-f5w/

https://www.youtube.com/watch?v=a0J8RgQObfc

Profitati acum de cea mai buna oferta la Statie de pescuit cu senzori si penar! Am redus pretul la minimul istoric pentru a va ajuta sa generati conversii rapide. Este un produs esential pentru orice pescar, recunoscut pentru fiabilitate si performanta.

De ce sa promovezi aceasta oferta?

Cel mai mic pret: Garantam un pret mai mic decat TOTI competitoriI, ceea ce inseamna o rata de conversie uriasa pentru traficul tau.

Stoc Limitat: Produsul este la mare cautare, iar stocurile se epuizeaza rapid – creeaza urgenta in randul urmaritorilor tai!

Comision 7%: Primesti comision plin pentru un produs care se vinde singur.

Livrare Rapida: Pescarii vor produsele ieri; noi le trimitem imediat pentru a asigura satisfactia clientului tau.

Beneficii pentru clienti:

Calitate premium LA PRET DE ENGROSS.

Garantie inclusa si suport tehnic de la echipa de pescari SculePescuit.ro.

Pret direct de importator.","",https://sculepescuit.ro/,Bonuses & Special Banners & Special Product Feed & Challenges
videt.ro ,"30% reducere la TOȚI ochelarii de soare, online și în showroom-uri",2026-05-06 07:00:00 UTC,2026-05-31 20:45:00 UTC,.,"Bună,

Profită acum de 30% reducere la TOȚI ochelarii de soare, atât online, cât și în showroom-urile noastre.

Folosește codul SUN30 la finalizarea comenzii și bucură-te de stil și protecție la un preț special.

Spor la cumpărături!",SUN30,https://www.videt.ro/ochelari-de-soare.html,
sportera.ro/,Reduceri Sportera.ro de pana la -50% la echipament sportiv,2026-05-05 21:00:00 UTC,2026-12-31 21:45:00 UTC,Reduceri Sportera.ro de pana la -50% la echipament sportiv,"Profita acum de promotiile Sportera.ro si reinnoieste-ti garderoba cu reduceri de pana la 50% la o gama larga de echipament sportiv!

Gasesti preturi speciale la branduri de top precum Hummel, 4F, Puma si Adidas. Fie ca esti in cautarea unor ghete de fotbal, treninguri confortabile sau accesorii pentru antrenament, acum este momentul ideal sa cumperi mai ieftin.

Beneficiile tale la Sportera:
👉Reduceri reale de pana la 50% la sute de articole.
👉Transport GRATUIT pentru toate comenzile care depasesc valoarea de 350 RON.
👉Livrare rapida prin curier sau Easybox.
👉Retur simplu si rapid.
Nu rata ocazia! Stocurile sunt limitate si preturile sunt actualizate zilnic. Alege echipamentul care te motiveaza sa fii in forma!",,https://sportera.ro/produse/reduceri/,
sportera.ro/,Reduceri Sportera.ro de pana la -50% la Echipament de joc Handbal,2026-05-05 21:00:00 UTC,2026-12-31 21:45:00 UTC,Reduceri Sportera.ro de pana la -50% la Echipament de joc Handbal,"Echipeaza-te pentru victorie cu noile reduceri Sportera dedicate handbalului! Acum ai preturi speciale la o gama variata de echipamente de joc de la branduri de top precum Hummel si Puma, disponibile pentru barbati, femei si copii.

Gaseste tot ce ai nevoie pentru antrenamente si meciuri oficiale:
👉Tricouri si sorturi de joc realizate din materiale tehnice performante.
👉Seturi complete si sosete specializate cu reduceri ce depasesc 50%
👉Echipament pentru copii, inclusiv seturi promo duo ideale pentru micii sportivi.

Beneficiile tale:
👉Transport GRATUIT pentru comenzile de peste 350 RON.
👉Gama variata de marimi, de la copii la adulti (pana la 4XL).
👉Plata flexibila: Ramburs, cash sau cu cardul.",,https://sportera.ro/produse/echipament-sportiv/echipament-sportiv-handbal/echipament-de-joc-handbal/,
sportera.ro/,Reducere Sportera.ro de pana la -50% la echipament de joc fotbal,2026-05-05 21:00:00 UTC,2026-12-31 21:45:00 UTC,Reducere Sportera.ro de pana la -50% la echipament de joc fotbal,"Intra in joc cu cele mai bune oferte la echipamentul de fotbal! Sportera.ro iti aduce reduceri de pana la 50% la o selectie variata de articole de la Hummel si Puma, concepute special pentru meciuri si antrenamente intense.

Gasesti tot ce ai nevoie pentru a domina terenul:
👉Tricouri de joc si antrenament: Modele tehnice pentru adulti si copii (ex: Tricou Hummel Essential la pret redus).
👉Sorturi si jambiere: Completeaza-ti kit-ul cu sorturi rezistente si jambiere Puma Team LIGA la preturi promotionale.
👉Echipament portar: Protectie maxima cu pantaloni si sorturi Gamepatch Padded la pret special.
👉Seturi pentru copii: Kit-uri complete Hummel Promo Duo, ideale pentru viitorii campioni.

De ce sa alegi Sportera?
👉Reduceri masive: Pana la 50% la branduri premium.
👉Transport GRATUIT: Pentru toate comenzile de peste 350 RON.
👉Livrare rapida: Pregateste-te pentru urmatorul meci in cel mai scurt timp.
👉Plata sigura: Online cu cardul sau ramburs la primirea coletului.

Nu lasa victoria la voia intamplarii! Alege echipamentul potrivit si profita de stocurile limitate.",,https://sportera.ro/produse/echipament-sportiv/echipament-sportiv-fotbal/echipament-de-joc-fotbal/,
sportera.ro/,Livrare Gratuita Sportera.ro la comenzi de peste 350 lei,2026-05-05 21:00:00 UTC,2026-12-31 21:45:00 UTC,Livrare Gratuita Sportera.ro la comenzi de peste 350 lei,"Profita si comanda cu livrare gratuita echipamentul sportiv mult dorit de la branduri precum: hummel, Adidas, Puma, Select, Molten.",,https://sportera.ro/,
empria.ro ,Pregătiri de vacanță pentru copii -20%,2026-05-05 21:00:00 UTC,2026-06-07 21:00:00 UTC,"Pentru această promoție puteți folosi pagina de categorie:
https://www.empria.ro/haine-accesorii-plaja-copii-bebelusi

Promoția include produse de vară pentru copii și bebeluși: costume de baie, ochelari de soare, pălării și accesorii pentru plajă, cu -20% reducere la produsele selectate.

Bannerele pentru campanie sunt disponibile în platforma 2Performant și pot fi folosite în articole, postări social media, newslettere sau alte materiale de promovare.

Recomandări de comunicare:

- pregătiri pentru vacanță cu copiii
- produse utile pentru plajă, piscină și zile însorite
- idei pentru bagajul de vacanță
- selecție de vară pentru copii cu reducere

Reducerea se aplică direct pe site, fără cod de voucher, în limita stocului disponibil.","Pregătește din timp lucrurile utile pentru zilele cu soare, apă și joacă. Pe Empria.ro găsești costume de baie pentru copii, ochelari de soare, pălării și accesorii de plajă, acum cu -20% reducere.

Sunt produse practice pentru vacanță, mare, piscină sau weekenduri petrecute în familie.

Intră pe pagina campaniei și alege produsele potrivite pentru cei mici, în limita stocului disponibil.
",,https://www.empria.ro/haine-accesorii-plaja-copii-bebelusi,Special Banners
davopro.ro,"Discount-uri atractive la Pavele, Dale si Borduri din cauciuc 100% reciclat - amenajeaza-ti gradina eco friendly si cu stil",2026-05-04 21:00:00 UTC,2026-05-31 20:45:00 UTC,"Discount-uri de pana la 30%, 10% extra discount la prima comanda dupa abonare. Pentru plata efectuata cu cardul online, se ofera 5% extra discount. Orice comanda mai mare de 190 lei beneficiaza de transport gratuit oriunde in Romania. Pentru comenzile mai mari de 500 lei, se ofera extra discount de 10%. Oferim si serviciul de plata in rate, prin partenerul nostru, TBI Bank.","Aboneaza-te la newsletter-ul nostru si beneficiezi de 10% extra discount la prima comanda. Pentru plata efectuata cu cardul online, se ofera 5% extra discount. Orice comanda mai mare de 190 lei beneficiaza de transport gratuit oriunde in Romania. Pentru comenzile mai mari de 500 lei, se ofera extra discount de 10%. Oferim si serviciul de plata in rate, prin partenerul nostru, TBI Bank.",,https://davopro.ro/pavele-dale-cauciuc,
davopro.ro,Folii de geam cu protectie solara - Protejeaza-ti casa de efectele razelor UV,2026-05-04 21:00:00 UTC,2026-05-31 20:45:00 UTC,"Se ofera 10% extra discount la prima comanda dupa abonare. Pentru plata efectuata cu cardul online, se ofera 5% extra discount. Orice comanda mai mare de 190 lei beneficiaza de transport gratuit oriunde in Romania. Pentru comenzile mai mari de 500 lei, se ofera extra discount de 10%. Oferim si serviciul de plata in rate, prin partenerul nostru, TBI Bank.","Categoria cuprinde folii de geam autoadezive sau statice, fumurii sau cu efect de oglinda, cu indice ridicat de protectie impotriva razelor UV. Se ofera 10% extra discount la prima comanda dupa abonare. Pentru plata efectuata cu cardul online, se ofera 5% extra discount. Orice comanda mai mare de 190 lei beneficiaza de transport gratuit oriunde in Romania. Pentru comenzile mai mari de 500 lei, se ofera extra discount de 10%. Oferim si serviciul de plata in rate, prin partenerul nostru, TBI Bank.",,https://davopro.ro/folie-solara,
rowenta.ro/,Rowenta Spring sales,2026-05-04 21:00:00 UTC,2026-05-27 21:00:00 UTC,"Pentru orice comanda in valoare de peste 600 RON poti primi un Ondulator de par Rowenta Elite Shine CF3228F0 daca te afli printre primii 100 de cumparatori. 
Adauga in cos codul de voucher SPRING si beneficiezi de 20% EXTRA discount pentru produsele selectate. 
*Campanie valabilă in perioada 4-28 Mai, în limita stocului disponibil. Mai multe detalii in regulament.","Pentru orice comanda in valoare de peste 600 RON poti primi un Ondulator de par Rowenta Elite Shine CF3228F0 daca te afli printre primii 100 de cumparatori. 
Adauga in cos codul de voucher SPRING si beneficiezi de 20% EXTRA discount pentru produsele selectate. 
*Campanie valabilă in perioada 4-28 Mai, în limita stocului disponibil. Mai multe detalii in regulament.",SPRING,https://www.rowenta.ro/rowenta_spring_sales,
moftcollection.ro/ ,Livrare Gratuita la comenzi de peste 200 lei,2026-05-04 21:00:00 UTC,2026-12-31 21:45:00 UTC,Livrare Gratuita la comenzi de peste 200 lei,"E timpul pentru un upgrade! Comanda accesoriile tale preferate de pe Moft Collection si, daca depasesti pragul de 200 lei, noi iti platim transportul!

Nu uita: la fiecare comanda primesti setul complet de protectie (folie de sticla + protectie camera) CADOU.
👉Transport Gratuit (>200 lei)
👉Cadouri incluse la orice comanda
👉Huse, curele si accesorii de top.
Comanda acum si economiseste!",,https://moftcollection.ro/,
paa-home.ro,Livrare Gratuita la comenzi de peste 350 lei,2026-05-04 21:00:00 UTC,2026-12-31 21:45:00 UTC,Livrare Gratuita la comenzi de peste 350 lei,"Ai nevoie de consumabile pentru aspiratorul tău? Comandă de pe paa-home.ro și beneficiezi de Transport Gratuit la toate comenzile de peste 350 lei!

Avem în stoc accesorii compatibile pentru cele mai populare branduri:
👉Roboți: Roborock (S8, S7, S5), Xiaomi, Dreame, Viomi.
👉Verticale: Dyson, Rowenta, Jimmy, Tineco.
👉Purificatoare și umidificatoare: Filtre dedicate pentru aer curat.

Profită de livrarea rapidă în 24-48h și asigură-te că aparatele tale funcționează ca noi!",,https://paa-home.ro/,
craftup.ro ,EXTRA reducere CraftUp -15% la minim 3 produse achizitionate din selectie,2026-05-04 21:00:00 UTC,2026-10-31 21:45:00 UTC,EXTRA reducere CraftUp -15% la minim 3 produse achizitionate din selectie,"Pregătește-te pentru proiectele tale creative cu o ofertă de nerefuzat la CraftUp! Creează-ți propriul pachet personalizat și economisești mai mult.

Alege oricare 3 produse din selecția noastră specială — de la ambalaje premium și sacoșe din iută, până la decorațiuni handmade și felicitări — și primești o reducere EXTRA de 15%. Reducerea se aplică automat în coșul de cumpărături imediat ce pachetul tău este complet.
👉Selecție variată: Ambalaje, stickere, felicitări și accesorii DIY.
👉Reducere Automată: Fără coduri de voucher, direct în coș.
👉Livrare Rapidă: Produse expediate rapid din stoc propriu.",,https://craftup.ro/pages/pachete-produse,
petmart.ro,Profită de reducerile la antiparazitare pentru câini și pisici,2026-05-04 21:00:00 UTC,2026-05-30 21:00:00 UTC,"Campanie valabilă până pe 31 mai 2026. Bannele sunt urcate în categoria Antiparazitare 2026, în formatele 1200x628 px, 1080 x 1080 px, 300x600 px.
#antiparazitare #preventie #petmart #oferteantiparazitare","Căpușe, purici, țânțari, paraziți interni? Primăvara vine și cu provocări, nu doar cu vreme frumoasă pentru joacă în natură. Poți preveni toate aceste neplăceri cu antiparazitarele special concepute pentru blănosul tău. Profită de reducerile de până la -60% în luna mai!",,https://www.petmart.ro/promotii.html#q=&idx=pm_default_products&p=0&hFR%5Bcategories.level0%5D%5B0%5D=Promotii%20%2F%2F%2F%20PROMOTII%20ANTIPARAZITARE&is_v=1,Special Banners
libhumanitas.ro,20% reducere la toate titlurile din categoria Știință ale editurii HUMANITAS,2026-05-04 21:00:00 UTC,2026-05-31 20:45:00 UTC,20% reducere la toate titlurile din categoria Știință ale editurii HUMANITAS.  Livrare gratuita la comenzi mai mari de 149 lei.,20% reducere la toate titlurile din categoria Știință ale editurii HUMANITAS.  Livrare gratuita la comenzi mai mari de 149 lei.,,https://www.libhumanitas.ro/carti.html?c2c_book_publisher=humanitas&cat=236&_gl=1*76tm7x*_up*MQ..*_ga*MTQwMTg3NzY0MS4xNzc3OTY5MDY0*_ga_SYM7XQ1C77*czE3Nzc5NjkwNjQkbzEkZzEkdDE3Nzc5NzAzODIkajYwJGwwJGgw,Special Banners
libhumanitas.ro,25% reducere la o selectie de titluri ale Grupului Editorial ART,2026-05-04 21:00:00 UTC,2026-05-31 20:45:00 UTC,25% reducere la o selectie de titluri ale Grupului Editorial ART.  Livrare gratuita la comenzi mai mari de 149 lei.,25% reducere la o selectie de titluri ale Grupului Editorial ART.  Livrare gratuita la comenzi mai mari de 149 lei.,,https://www.libhumanitas.ro/,Special Banners
libhumanitas.ro,25% reducere la toate titlurile editurii GAMA,2026-05-04 21:00:00 UTC,2026-05-31 20:45:00 UTC,25% reducere la toate titlurile editurii GAMA.  Livrare gratuita la comenzi mai mari de 149 lei.,25% reducere la toate titlurile editurii GAMA.  Livrare gratuita la comenzi mai mari de 149 lei.,,https://www.libhumanitas.ro/,Special Banners
babyneeds.ro,Happy Days Sale BabyNeeds.ro,2026-05-04 21:00:00 UTC,2026-06-01 21:00:00 UTC,Campania se desfasoara pana pe 2.06.2026!,"Happy Days Sale vine cu reduceri de pana la 63% la mii de produse pentru micutul tau! Gasesti articole la pret redus din categoriile Carucioare copii, Scaune auto copii, Genti plimbare, Accesorii plimbare, Marsupii si port bebe alaturi de Saci de iarna.",,https://www.babyneeds.ro/lp/happy-days-sale,
herbagetica.ro,"🔥Până la 30% reducere la gama antistres!🧘‍♀️Mai puțin stres, mai multă bucurie!",2026-05-04 06:30:00 UTC,2026-05-31 20:45:00 UTC,"În perioada 4–31 mai, poți promova reduceri de până la 30% la produsele din gama antistres 🌿

Campania include produse populare precum Magneziu Bisglicinat, Ashwagandha și Roiniță, soluții naturale căutate pentru echilibru și relaxare 😌

🖼️ Bannerele sunt disponibile în platformă.

Spor la conversii! 🌺","Luna mai aduce oferte speciale pentru starea ta de bine 🌿

Până pe 31 mai, te bucuri de reduceri de până la 30% la produse pentru combaterea stresului și susținerea unui somn odihnitor 😌💤

În campanie sunt incluse produse precum Magneziu Biglicinat, Ashwagandha și multe altele.🌱

Descoperă oferta pe herbagetica.ro. Alege mai puțin stres și mai multă bucurie 💚",,https://herbagetica.ro/anti-stres.html,Special Banners
jollymag.ro/,Reducere 10% la tot cosul,2026-05-03 21:00:00 UTC,2026-12-30 22:00:00 UTC,Promotie valabila pentru toate produsele din jollymag.ro!,"Reducere 10% la tot cosul de cumparaturi, indiferent de valoare si indiferent daca produsele sunt deja reduse! Foloseste codul voucher JOLLY10 la finalizarea comenzii, valabil exclusiv pe www.jollymag.ro",JOLLY10,https://jollymag.ro/brand/680-jollymag,
optiblu.ro,Reducere de 30% la TOTI ochelarii de vedere,2026-05-01 09:00:00 UTC,2026-05-30 21:00:00 UTC,Ne dorim cresterea comenzilor de ochelari de vedere. Puteti sa folositi bannerele create de noi.,Reducere de 30% la TOTI ochelarii de vedere,MAI,https://www.optiblu.ro/,
mobilalaguna.ro,Reduceri Mobila Luna Mai 2026,2026-05-01 07:00:00 UTC,2026-05-31 20:45:00 UTC,"Prinde reducerile la mobila din luna aceasta! Am ales cele mai cautate produse din gama noastra la care am aplicat super reduceri. Astfel poti sa iti pregatesti casa asa cum doresti fara grija bugetului pentru mobila. Vei gasi aceste oferte semnalate cu etichete speciale in categoriile dormitor, canapele, living, coltare, bucatarie si multe altele. Poti vedea mai rapid produsele intrand in pagina dedicata campaniei de Super Reduceri. 
Suntem producatori de mobilier inca din 1994 din Maramures, Romania si oferim o gama variata la preturi avantajoase, atat mobila din pal cat si tapitata. In fiecare categorie veti gasi oferte si promotii. Pe langa preturile mici, oferim si Livrare Gratuita* in numai 4-10 zile lucratoare. Datorita faptului ca suntem producatori, comanda pleaca direct din fabrica la tine acasa, fara intermediari sau costuri suplimentare. Transportul se face prin flota proprie de masini, astfel ne asiguram ca ajung in stare buna.","Prinde reducerile la mobila din luna aceasta! Am ales cele mai cautate produse din gama noastra la care am aplicat super reduceri. Astfel poti sa iti pregatesti casa asa cum doresti fara grija bugetului pentru mobila. Vei gasi aceste oferte semnalate cu etichete speciale in categoriile dormitor, canapele, living, coltare, bucatarie si multe altele. Poti vedea mai rapid produsele intrand in pagina dedicata campaniei de Super Reduceri. 
Suntem producatori de mobilier inca din 1994 din Maramures, Romania si oferim o gama variata la preturi avantajoase, atat mobila din pal cat si tapitata. In fiecare categorie veti gasi oferte si promotii. Pe langa preturile mici, oferim si Livrare Gratuita* in numai 4-10 zile lucratoare. Datorita faptului ca suntem producatori, comanda pleaca direct din fabrica la tine acasa, fara intermediari sau costuri suplimentare. Transportul se face prin flota proprie de masini, astfel ne asiguram ca ajung in stare buna.",,https://mobilalaguna.ro/super-reduceri-la-mobila-si-canapele/,Special Banners
zurlishop.ro,Câștigă un apel de la un membru din Gașca Zurli la comenzi de minimum 250 lei,2026-04-30 21:00:00 UTC,2026-05-30 21:00:00 UTC,"La cerere, putem oferi exemple de ""Coșuri de cumpărături"" de 250 RON.
Vă puteți axa pe best selers: Păpușa Fetița Zurli, Rochițe Fetița Zurli","La fiecare comandă eligibilă de minimum 250 RON, clientul poate alege un personaj din Gașca Zurli cu care să aibă un apel video. 
Personajele eligibile pentru campanie: Fetița Zurli, Vrăjimăturica, Truli, Zdrăngănel, Tura Vura, Bucătărașul Zurli.
Perioada campaniei: 01.05.2026-31.05.2026
Apelurile video vor avea loc în perioada: 02.06.2026-20.02.2026",,https://zurlishop.ro/regulament-cumpara-de-minimum-250-ron-si-primesti-un-apel-video-de-la-gasca-zurli/,
prestigehome.ro,Mai mult confort pentru un stil de viata mai bun,2026-04-30 21:00:00 UTC,2026-05-31 20:45:00 UTC,"Intre 1 si 31 mai ai reduceri de pana la -25% la o selectie de paturi, saltele si canapele Prestige Home. Alege-ti preferatele si bucura-te de livrare rapida din stoc! ","Intre 1 si 31 mai ai reduceri de pana la -25% la o selectie de paturi, saltele si canapele Prestige Home. Alege-ti preferatele si bucura-te de livrare rapida din stoc! ",,https://www.prestigehome.ro/collections/reduceri-de-25-%C8%99i-livrare-rapida-din-stoc-mai,
drmax.ro/,Ofertele Lunii - Mai,2026-04-30 21:00:00 UTC,2026-05-30 21:00:00 UTC,"✨ De ce merită promovată campania:
• Reduceri atractive în categorii esențiale
• Branduri cunoscute și apreciate
• Produse pentru întreaga familie
• Oferte disponibile pe tot parcursul lunii mai

🔗 Descoperă campania completă aici:
👉 https://www.drmax.ro/ofertele-lunii
📦 Materiale vizuale: disponibile în platformă
","Luna mai vine cu reduceri speciale la produse esențiale pentru sănătate, îngrijire și frumusețe. Pe tot parcursul lunii, clienții pot profita de oferte atractive la branduri cunoscute și produse dedicate întregii familii.",,https://www.drmax.ro/ofertele-lunii,
dacris.net,Ambalaje HoReCa și consumabile profesionale ,2026-04-30 21:00:00 UTC,2026-05-30 21:00:00 UTC,"Categoria Ambalaje și Articole HoReCa include consumabile de unică folosință, tacâmuri, pungi alimentare, caserole, pahare și articole esențiale pentru restaurant, cafenea, catering și birou.","Tot ce ai nevoie pentru HoReCa într-un singur loc: ambalaje alimentare, consumabile de unică folosință, tacâmuri, pungi și caserole. Gamă largă, prețuri competitive, livrare rapidă. Disponibile pe dacris.ro.",,https://www.dacris.net/administrativ/ambalaje-si-articole-horeca,Special Banners
bigiottos.com/,5% Discount la orice comanda,2026-04-28 21:00:00 UTC,2026-05-30 21:00:00 UTC,--,Beneficiezi 5% Discount la orice comanda direct in cosul de cumparaturi.,"",https://bigiottos.com/,
craftup.ro ,Solutii Premium de Ambalare: Pungi si Sacose pentru orice ocazie cu preturi de la 11 lei/set,2026-04-26 21:00:00 UTC,2026-09-30 20:45:00 UTC,Solutii Premium de Ambalare: Pungi si Sacose pentru orice ocazie cu preturi de la 11 lei/set,"Descopera colectia de pungi si sacose de pe Craftup.ro, solutia ideala pentru ambalarea eleganta si sustenabila a produselor tale. Oferta noastra include de la pungi de hartie si cadou, pana la variante stand-up premium si sacose textile reutilizabile, perfecte pentru retail sau evenimente. Fiecare model este conceput sa imbine estetica cu rezistenta, oferind o prezentare impecabila cadourilor sau marfurilor tale. Alegand ambalajele noastre eco-friendly, adaugi un plus de valoare brandului tau si respect fata de mediu. Exploreaza gama diversificata si gaseste dimensiunea sau stilul potrivit pentru orice ocazie. ",,https://craftup.ro/collections/pungi-si-sacose,
doctorshield.ro/,"Livrare si retur GRATUIT la orice comanda de gratare, paturi, birouri si scaune de gaming",2026-04-26 21:00:00 UTC,2026-09-30 20:45:00 UTC,"Livrare si retur GRATUIT la orice comanda de gratare, paturi, birouri si scaune de gaming","Modernizeaza-ti spatiul cu solutiile profesionale de la Doctor Shield, unde calitatea intalneste confortul absolut. De la birouri reglabile si scaune gaming ergonomice, pana la incalzitoare de terasa si mic mobilier, oferim tot ce ai nevoie pentru un stil de viata eficient. Beneficiezi de transport si retur gratuit la toate comenzile, eliminand orice grija suplimentara. In plus, prin parteneriatul cu TBI Bank, poti achizitiona produsele dorite acum si sa le platesti mai tarziu in 6 pana la 60 de rate, cu aprobare 100% online. Profita de livrarea rapida si transforma-ti mediul de lucru sau de relaxare cu dotari de top, accesibile oricui. Exploreaza gama noastra diversificata si alege performanta fara compromisuri!",,https://doctorshield.ro/,
autobob.ro,Pachete revizie auto cu reducere de pana la -35%,2026-04-26 21:00:00 UTC,2026-10-31 21:45:00 UTC,Pachete revizie auto cu reducere de pana la -35%,"Incepe sezonul drumurilor lungi, iar masina ta merita toata atentia pentru a te purta in siguranta spre fiecare destinatie. Pe Autobob.ro am reunit excelenta marcilor de top precum Motul, Castrol si Mann-Filter in pachete de revizie complete, create special sa ofere motorului tau protectia si performanta de care are nevoie.

Indiferent daca esti la volanul unui Audi , al unui BMW sau al unui Ford, gasesti acum solutia ideala gata configurata. Poti uita de cautarile nesfarsite dupa coduri de piese, deoarece am pregatit totul intr-un singur loc, cu reduceri ce depasesc 35%. De la pachete economice pentru Opel la doar 152 lei, pana la kituri profesionale pentru transmisii DSG, calitatea este acum accesibila si livrata rapid, direct din stoc.

Alege sa economisesti timp si bani fara sa faci compromisuri la calitatea pieselor. Intra pe site, selecteaza marca masinii tale si profita de ofertele momentului. Masina ta iti va multumi la fiecare kilometru parcurs cu un consum optim si o functionare impecabila.

Autobob — Piese de incredere pentru calatorii fara griji.",,https://www.autobob.ro/pachete-revizie,
automobilus.ro,Reducere de pana la 24% la vopseaua FOLIATEC pentru etriere!,2026-04-24 21:15:00 UTC,2026-05-30 21:00:00 UTC,"-valoare buna a cosului de cumparaturi
-rata de retur foarte mica
-platim comisioanele in timputil
-gama mare de produse
-brand puternic","Kitul de vopsea etrieri Foliatec este o soluție profesională ce oferă un aspect sportiv, lucios și protecție de lungă durată (câțiva ani) împotriva coroziunii, substanțelor chimice și temperaturilor înalte.
Pe automobilus.ro Kit-ul contine:

Un spray de curatat franele, foarte eficient, pentru a indeparta toata mizeria si praful reziduu de la placutele de frana de pe etrier
Un recipient cu 125ml de vopsea
Un tub cu 50ml de intaritor special pentru vopsea
Perie de sarma 
Pensula pentru vopsit
Rigla din lemn pentru amestecat

Nu este necesar sa demontati etrierul de pe masina si nici placutele de frana, intrucat aplicarea se face cu o pensula mica ce va permite foarte multa precizie in aplicare, fara vopsirea unor elemente nedorite, cum ar fi placutele, discul sau conductele de frana.

Vopseaua Foliatec are urmatoarele caracteristici:

Rezistenta la substante chimice si lichid de frana
Are o excelenta adeziune
Rezistenta la uleiuri
Isi pastreaza foarte bine nivelul de luciu, fie el mat sau lucios, in functie de produsul ales",,https://automobilus.ro/vopsele-si-auxiliare/vopsea-pentru-etriere?filter=QnJhbmRQcm9kdWN0RmllbGRzRmlsdGVyJTVCMCU1RD04MjUx,
automobilus.ro,Reduceri la accesoriile masinilor electrice !,2026-04-24 21:00:00 UTC,2026-05-30 21:00:00 UTC,"-brand puternic
-valoare excelenta a cosului de cumparaturi
-plata comisionelor in timp util
","preturi excelente la accesoriile masinilor electrice
",,https://automobilus.ro/accesorii-masini-electrice,
regata.ro/ ,Confort pentru toti. Pret pentru oricine Regata.ro,2026-04-23 21:00:00 UTC,2026-05-30 21:00:00 UTC,Campania este valabila in limita stocului disponibil!,"Am lansat o noua campanie pentru boilerele Ariston - o categorie cu cerere constanta si interes ridicat.

Campania Confort pentru toti. Pret pentru oricine.
•	Preturi incepand de la 319.99 lei
•	Boilere fiabile, durabile si eficiente energetic
•	Produse cunoscute, usor de promovat
•	Potential ridicat de conversie

Campania este valabila in limita stocului disponibil, produsele participante sunt disponibile aici: https://regata.ro/termice/boilere-si-accesorii/boilere 
",,https://regata.ro/termice/boilere-si-accesorii/boilere,
sportdepot.ro,Reducere SportDepot.ro -40% Colectie de vara: KIDS MOVIE HEROES & NAME IT,2026-04-22 21:00:00 UTC,2026-05-30 20:45:00 UTC,-40% colectie de vara de la brandurile KIDS MOVIE HEROS si NAMET IT valabila pana pe 30.05.2026.,Pe SportDepot.ro au început reducerile la articolele pentru copii -40% colectie de vara de la brandurile KIDS MOVIE HEROS si NAMET IT valabila pana pe 30.05.2026,"",https://www.sportdepot.ro/40_colectie_de_vara_kids_movie_heroes_name_it/recommended-1298,
atomico.ro ,Spring Deals cu până la -55% la unelte sezoniere pentru curte și grădină,2026-04-20 21:00:00 UTC,2026-05-31 20:45:00 UTC,"Până pe 31 mai pe atomico.ro este activă campania Spring Deals care oferă până la 55% reducere la produsele selectate.

În cadrul campaniei se regăsesc peste 600 de produse precum motosape, drujbe, motoburghie, motocositoare etc. care sunt extrem de utile în acest sezon pentru munca din curte și grădină.","Este momentul ideal să-ți cumperi sculele și uneltele care să-ți facă munca din curte și grădină mai ușoară, deoarece pe atomico.ro sunt reduceri de până la -55% la uneltele sezoniere.",,https://www.atomico.ro/collections/unelte-sezoniere,Special Banners
farmec.ro," INTRĂ ACUM ÎN BeautyCLUB GEROVITAL ȘI POȚI CÂȘTIGA SUPER PREMIILE VERII, DESTINATE EXCLUSIV MEMBRILOR.",2026-04-16 21:00:00 UTC,2026-05-25 20:45:00 UTC,"Campanie valabilă pe farmec.ro și în magazinele Gerovital participante. Promoție valabilă în perioada 17 aprilie - 25 mai 2026
Bannerele sunt urcate!","ACTIVEAZĂ ȘANSA TA LA O VARĂ PREMIUM ÎN TREI PAȘI SIMPLI:
♥  Intră în BeautyCLUB Gerovital.

♥  Achiziționează produse de minimum 99 lei pe farmec.ro sau din magazinele Gerovital în perioada 17 aprilie - 25 mai 2026.

♥  Înscrie-te în cursa pentru o croazieră mediteraneană pentru două persoane și alte premii fabuloase.
",,https://www.farmec.ro/tombola-fidelizare-gerovital,Special Banners
moftcollection.ro/ ,Folie de sticla si protectie camera CADOU la fiecare comanda,2026-04-15 21:00:00 UTC,2026-08-31 20:45:00 UTC,Protectie Completa Gratuita la Fiecare Comanda,"Acum este momentul perfect sa iti accesorizezi telefonul si sa beneficiezi de un pachet de protectie premium fara niciun cost suplimentar. La fiecare comanda plasata pe site-ul MoftCollection.ro, primesti cadou atat o folie de sticla securizata pentru ecran, cat si o protectie dedicata pentru camera foto. Ne dorim sa te bucuri de dispozitivul tau fara grija zgarieturilor sau a loviturilor accidentale, oferindu-ti aceste accesorii esentiale direct in colet.

Folia de sticla asigura o claritate maxima si o rezistenta sporita la impact, in timp ce protectia pentru camera pastreaza lentilele intacte pentru ca tu sa poti face fotografii impecabile de fiecare data. Procesul este extrem de simplu deoarece nu trebuie sa adaugi nimic suplimentar in cos. Echipa noastra va include automat pachetul cadou. Profita de aceasta oferta limitata si asigura-i telefonului tau siguranta pe care o merita, economisind in acelasi timp bani si efort. Grabeste-te, promotia este valabila doar in limita stocului disponibil!",,https://moftcollection.ro/,
atelierrebul.ro,Atelier Rebul: Cadouri Green Tea la cumpărături + 15% comision,2026-04-14 21:00:00 UTC,2026-06-14 21:00:00 UTC,"Beneficii pentru afiliați:

• Comision: 15%
• Brand premium, cu produse vizuale și ușor de promovat
• Campanie activă cu mecanism de cadou la praguri de comandă
• Categorii potrivite pentru beauty, lifestyle, home, gifting și self care
• Feed de produse disponibil în 2Performant
• Lansări, campanii sezoniere și oferte recurente

Promovarea se poate face prin articole, review-uri, newslettere, social media, ghiduri de cadouri și conținut relevant pentru zona de beauty, lifestyle, home fragrance și gifting.

Google Ads este permis, cu excepția campaniilor care licitează pe brand keywords, variații ale numelui Atelier Rebul sau domeniul atelierrebul.ro.

Facebook Ads, Instagram Ads și TikTok Ads sunt permise, cu condiția ca mesajele și vizualurile să respecte poziționarea premium a brandului.

Nu sunt permise site-urile de cashback, spamul, website-urile clonă, URL masking-ul, folosirea de domenii/subdomenii care conțin numele Atelier Rebul sau variații ale acestuia și nici utilizarea de cupoane necomunicate oficial în program.
","Atelier Rebul România este un brand premium de parfumerie, home fragrance și produse pentru îngrijire, cu o moștenire de peste 130 de ani.

Portofoliul include parfumuri, lumânări parfumate, difuzoare cu bețișoare, produse pentru baie și corp, seturi cadou și colecții sezoniere.

Campanie activă: Colecția Green Tea cadou la cumpărături

Clienții primesc automat cadouri din colecția Green Tea, în funcție de valoarea comenzii:

• 400 RON: Săpun lichid Green Tea
• 600 RON: Loțiune de mâini și corp Green Tea
• 800 RON: Difuzor cu bețișoare Green Tea

Transport gratuit pentru comenzile de peste 300 RON.
",,https://atelierrebul.ro,
afisport.ro,Extragarantie 2+3 ani la Biciclete Afisport.ro,2026-04-05 21:00:00 UTC,2026-09-29 21:00:00 UTC,Sunt active bannere de campanie in diverse formate,"Oferă audienței tale mai mult decât un discount: 3 ani fără costuri de service.

Campania AFISPORT „Garanție Extinsă 2+3 Ani” elimină una dintre cele mai mari bariere de cumpărare – costurile post-achiziție.

✔ crește încrederea
✔ crește rata de conversie
✔ diferențiator puternic în piață

Ideal pentru promovare pe segmente: MTB, City, copii, gravel.

📅 Campanie limitată: 1 aprilie – 30 septembrie
👉 Vezi detalii complete despre campanie: https://afisport.ro/extragarantie","",https://afisport.ro/biciclete-mtb/,Special Banners
expomob.ro,Reduceri de pana la -70% la Outlet Expomob,2026-03-30 21:00:00 UTC,2026-10-31 21:45:00 UTC,Reduceri de pana la -70% la Outlet Expomob,"Este momentul perfect sa iti transformi locuinta intr-un spatiu modern si primitor, profitand de preturile de Outlet cu reduceri de pana la -70% la mobila. La Expomob, punem pret pe traditia romaneasca si pe calitatea oferita de peste 30 de ani de experienta, motiv pentru care iti punem la dispozitie piese de mobilier variate, de la canapele confortabile si dormitoare relaxante, pana la seturi de bucatarie si decoratiuni chic.

Nu lasa timpul sa treaca, deoarece stocurile sunt limitate si cele mai bune oferte dispar primele! Poti alege dintr-o gama larga de produse cu livrare ultra-rapida in doar 48 de ore oriunde in Romania, astfel incat sa te bucuri de noua ta mobila. 

Viziteaza acum sectiunea de Outlet pe expomob.ro si alege calitatea fabricata in Romania la cele mai mici preturi din an!",,https://www.expomob.ro/outlet-mobila,
femieko.ro,Economisește până la 25% cu Abonamentul Femi.Eko – Protecție lunară fără griji,2026-03-15 22:00:00 UTC,2026-12-30 22:00:00 UTC,"Promovați Abonamentul Femi.Eko® evidențiind comoditatea și economiile pentru clienți: livrarea automată lunară a produselor preferate, până la 25% reducere la fiecare comandă și 10% reducere extra la prima comandă cu codul SUB10. Scoateți în evidență produsele sigure și naturale, din bumbac organic certificat, și flexibilitatea abonamentului, care poate fi modificat, pus pe pauză sau anulat oricând. Folosiți link-ul oficial https://femieko.ro/pages/abonamente-femieko
 în toate materialele, testați mesaje de tip “problema → soluția noastră” și concentrați-vă pe beneficii reale pentru a maximiza conversia.","Promovează Abonamentul Femi.Eko® ca soluția care aduce comoditate și economii lunare clienților: livrarea automată a produselor preferate, până la 25% reducere și 10% reducere extra la prima comandă cu codul SUB10. Fiecare influencer înscris în campanie primește produsele direct acasă, pentru a le testa și a le promova autentic. Arată cum te ajută abonamentul în rutina ta lunară și evidențiază produsele sigure și naturale, din bumbac organic certificat, precum și flexibilitatea abonamentului, care poate fi modificat, pus pe pauză sau anulat oricând. Include întotdeauna link-ul către pagina de abonament https://femieko.ro/pages/abonamente-femieko
 și codul SUB10 în postări sau stories.",SUB10,https://femieko.ro/pages/abonamente-femieko,Bonuses & Special Banners
ada-shoes.ro,Start campanie Primavara-Vara 2026. Reduceri de pana la 15%,2026-03-11 22:00:00 UTC,2026-05-30 21:00:00 UTC,"Acceptam campani atat google ads, facebook ads (meta) sau tiktok ads.
In cazul in care exista intrebari suplimentare va stam la dispozitie.

Salutare, 
Am dat start campaniei primavara-vara 2026, cu produse de tip incaltaminte si genti/rucsacuri/portofele
Aceste produse incluse in campanie o parte dintre ele contin si reduceri de pana la 15% 
Aveti atasat si un cod de reducere: AMFM20 
Acest cod ofera 20 de lei reducere la orice comanda plasata pe Ada-shoes.ro
","Salutare, 
Am dat start campaniei primavara-vara 2026, cu produse de tip incaltaminte si genti/rucsacuri/portofele
Aceste produse incluse in campanie o parte dintre ele contin si reduceri de pana la 15% 
Aveti atasat si un cod de reducere: AMFM20 
Acest cod ofera 20 de lei reducere la orice comanda plasata pe Ada-shoes.ro",AMFM20,https://ada-shoes.ro/collections/primavara-vara-2026,
catenapascupas.ro,Reducere 18 lei – Carucior de cumparaturi cu scaun si roti pentru scari,2026-03-09 22:00:00 UTC,2026-05-30 21:00:00 UTC,"Promoția este exclusiv online – nu poate fi promovată ca disponibilă în farmacii.
Oferta este valabilă doar pentru livrare prin curier la domiciliu.
Promoția este limitata în stoc, dar există posibilitate de prelungire; încurajează clienții să cumpere rapid.","Profita acum de 18 lei reducere la caruciorul de cumparaturi Catena, conceput pentru a transporta cumparaturile mai usor si fara efort.

Acest carucior practic este dotat cu sistem de roti in stea pentru urcat scari, astfel incat poti urca borduri sau trepte mult mai usor. In plus, scaunul pliabil integrat iti permite sa te odihnesti rapid ori de cate ori ai nevoie – ideal pentru drumurile la supermarket sau piata.

🛒 De ce merita sa-l alegi:

Reducere directa de 18 lei

Roti speciale pentru urcat scari si borduri

Scaun pliabil integrat pentru pauze rapide

Sac incapator, rezistent la stropire

Cadru metalic durabil si manevrare usoara

Este alegerea ideala pentru cumparaturi zilnice, mers la piata sau transportul produselor fara efort, mai ales pentru persoanele care locuiesc la bloc sau urca frecvent scari.

Oferta exclusiva online – produsul este disponibil doar pentru livrare prin curier, la domiciliu (nu se livreaza in farmacii).
Promotia este valabila in limita stocului disponibil.

Profita acum de oferta si transporta cumparaturile mai usor, fara efort!",,https://www.catenapascupas.ro/carucior-de-cumparaturi-cu-scaun-si-roti-in-stea.html,
craftup.ro ,Reduceri de pana la -66% la ambalaje de cadou si accesorii produse handmade,2026-03-08 22:00:00 UTC,2026-09-30 20:45:00 UTC,Oferta este valabila in limita stocului disponibil!,"Reduceri de pana la -66% la produsele tale preferate! 🎨
Este momentul perfect sa iti refaci stocurile sau sa gasesti ambalajul ideal pentru cadourile tale. Am pregatit o selectie de produse pentru impachetat, accesorii handmade si organizare, acum la preturi mult mai mici.
Ce poti gasi in oferta noastra:
Pungi si sacose de hartie: Diverse culori (roz, albastru, kraft) ideale pentru cadouri elegante.
* *Ambalaje textile: Saculeti din tesatura cu sfoara (set 50 buc), perfecti pentru marturii sau bijuterii.
Etichete: Rola de 500 stickere ""Thank you"" sau ""Handmade"" si etichete din carton pentru un aspect profesional.
Cutii si organizare: Cutii din hartie cu sertar sau cutii transparente din plastic.
* *Accesorii: Magneti, benzi satinate colorate si sticlute reutilizabile cu spray sau roll-on.
Oferta este valabila in limita stocului disponibil! Preturile incep de la doar 0,69 lei.

Nu mai sta pe ganduri si profita de preturile speciale pentru a oferi proiectelor tale acea nota finala impecabila.",,https://craftup.ro/collections/oferte,
moftcollection.ro/ ,Pana la -75% la huse silicon Iphone + CADOU la fiecare comanda,2026-03-05 22:00:00 UTC,2026-08-31 20:45:00 UTC,Pana la 75% la husele din silicon Iphone,"Pana la -75% la huse silicon Iphone + CADOU la fiecare comanda. Gasesti modele de huse din silicon pentru Iphone precum: 8, 8 PLUS, 16, 16E, 16 PLUS, 16 PRO, 16 PRO MAX, 17, 17 AIR, 17 PRO, 17 PRO MAX,12 PRO MAX, 13, 13 PRO, 13 MINI, 13 PRO MAX,14 PRO, 14 PRO MAX, 14 PLUS 15, 15 PRO, 15 PLUS si multe altele. ",,https://moftcollection.ro/collections/oferta-limitata,
kfea.ro,Happy Spring Sale la Kfea.ro!,2026-02-28 22:00:00 UTC,2026-05-31 20:45:00 UTC,"Dragi afiliați,

Am dat startul campaniei de reduceri de primăvară la Kfea.ro - Happy Spring Sale. Campania include cafele boabe, capsule, cafea măcinată, dar și produse complementare dedicate preparării și consumului de cafea. Reducerile sunt aplicate direct pe site, fără condiții complicate, iar selecția de produse este actualizată pe toată durata campaniei.

De asemenea, în perioada 1-8 martie, desfășurăm o campanie cu cod de reducere MARTISOR5, exclusiv online pe kfea.ro, valabil pentru comenzile de minimum 150 lei, care conțin cel puțin un produs Etolia..

Am încărcat și bannerele dedicate.

Spor la conversii,
Echipa Kfea.ro","Odată cu venirea primăverii, Kfea.ro dă startul campaniei de primăvară Happy Spring Sale și oferă pasionaților de cafea reduceri de până la 50% la o selecție extinsă de produse.

Începe-ți dimineața cu „cea mai bună cafea”. Poți alege din zeci de sortimente de la cele mai cunoscute branduri din industrie. Vei găsi aici cafea la reducere, promoții la aparate de cafea sau produse complementare.

Ai TRANSPORT GRATUIT la comenzi de peste 99.99 lei, cu livrare în orice Easybox la nivel național sau la achiziționarea oricărei pungi de Etolia cafea proaspăt prăjită la 1kg.

În perioada 1-8 Martie, folosește codul MARTISOR5 și bucură-te de o reducere la orice comandă de minimum 150 lei, care conține cel puțin un produs Etolia.

Pentru detalii, vizitează-ne site-ul sau scrie-ne și îți vom răspunde în cel mai scurt timp!","",https://kfea.ro/spring-sale,Special Banners
fitlife.ro,Spring Sale - până la 70% reducere,2026-02-28 22:00:00 UTC,2026-05-30 21:00:00 UTC,Bannere campanie disponibile.,"Reduceri de Primăvară – Echipamente Fitness la Prețuri Speciale
Primăvara este momentul ideal pentru un nou început. Zilele devin mai lungi, energia crește, iar motivația pentru mișcare revine. În această perioadă lansăm Reducerile de Primăvară, o selecție specială de echipamente fitness pentru acasă și pentru săli de fitness, disponibile la prețuri promoționale.

Fie că îți dorești să îți amenajezi propria zonă de antrenament sau să îți modernizezi sala de fitness, acum este momentul potrivit să investești în echipamente performante. În această categorie găsești aparate cardio, echipamente de forță și accesorii esențiale pentru antrenamente complete, concepute pentru a te ajuta să îți atingi obiectivele mai rapid și mai eficient.

Primăvara este perioada în care se construiesc rezultatele pentru vară. Cu antrenamente constante și echipamentele potrivite, îți poți îmbunătăți condiția fizică, rezistența și tonusul muscular înainte de sezonul concediilor.

Profită de Reducerile de Primăvară și descoperă echipamente fitness de calitate, potrivite atât pentru antrenamentele de acasă, cât și pentru utilizare profesională în săli de fitness.

Alege Fitlife - pasiune pentru sport, importator și distribuitor direct în România.",,https://fitlife.ro/spring-sale,Special Banners
112coffee.com,10% DISCOUNT on first coffee order,2026-02-17 22:00:00 UTC,2026-12-30 22:00:00 UTC,"Hello,
We would like to inform you that we have an ongoing campaign on our website dedicated to new customers.
We offer 10% off the first order upon newsletter subscription.
Details:
– The discount applies only to coffees that are not already on promotion
– Valid for an unlimited period
– One-time use per newly registered email address
This is a permanent offer designed to support first-time conversions.
","We’ve got something special for you.
Subscribe to our newsletter and enjoy 10% discount on your first order of specialty coffee.
✔ Valid on all coffees not already discounted
✔ Available for an unlimited time
✔ One-time use per newly registered email
It’s the perfect excuse to discover your next favorite origin.
Join, sip, and enjoy the difference.",,https://112coffee.com,
advertisertest.eu/production/test944,testCampaign,2026-02-09 22:00:00 UTC,2027-03-31 21:00:00 UTC,asd,asd,123,,Bonuses & Special Banners & Special Product Feed & Challenges
femieko.ro,Provocarea Femieko 2026 – Câștigă premii și comision de 19%!,2026-01-31 22:00:00 UTC,2026-12-30 22:00:00 UTC,"Instructions for Marketers:

Obiectiv: Generarea de comenzi pe website-ul Femieko prin campanii digitale (ads, email marketing, social media).

Comision: 19% pentru fiecare comandă realizată.

Coduri de reducere: Disponibile la cerere; trebuie integrate în campanii pentru a crește conversiile.

Produse pentru testare: Disponibile pentru marketeri, pentru a crea conținut și pentru promovare.

Provocări:

Provocarea anuală – premii pentru cei care generează 1.500 – 3.000 de comenzi (detalii mai sus).

Perks suplimentare: Prioritate la bonusuri și premii speciale.

Formate recomandate: Bannere, posts social media, stories, video scurt pentru testare produs, email newsletters.

Hashtags sugerate: #Femieko #FemiEkoLove #ProvocareaFemiEko2026","Cum funcționează:

Fiecare comandă generată îți aduce 19% comision.

Folosește coduri de reducere și produse pentru testare pentru a-ți motiva comunitatea.

Cu cât vinzi mai mult, cu atât mai aproape ești de premiile extraordinare!

Premiile mari:
🏆 Locul 1 – 3.000 comenzi → Experiență nordică în Copenhaga + 1.000€ cash
🥈 Locul 2 – 2.000 comenzi → Voucher 1.000€ MyGeisha + Voucher 300€ Femieko
🥉 Locul 3 – 1.500 comenzi → Voucher 500€ MyGeisha + Voucher 300€ Femieko

Extras:

Produse pentru testare pentru tine și comunitatea ta.

Prioritate la bonusuri și premii speciale.

📩 Vrei cod de reducere sau produse pentru testare? Scrie-ne și te ajutăm!

Hai să transformăm 2026 într-un an profitabil și plin de premii pentru tine și comunitatea ta!","",https://femieko.ro,Bonuses & Special Product Feed & Challenges
labelshop.ro ,Profita acum de reduceri intre 5% si 15% la echipamente si consumabile!,2025-11-30 05:00:00 UTC,2030-12-31 21:00:00 UTC,Added banners,"Echipamentele – imprimante de etichete 🖨️, cititoare de coduri de bare 📡, aplicatoare 🔧 și accesorii – vor avea prețuri speciale pentru cei care vor să își modernizeze infrastructura la un cost redus.",,https://www.labelshop.ro/promotii,Special Banners
regata.ro/ ,Cupon reducere 5%,2025-07-24 22:00:00 UTC,2030-12-31 21:00:00 UTC,Cupon reducere 5% la toate produsele din site,Cupon reducere 5% la toate produsele din site,REGATA5,https://regata.ro/,
otter.ro,Flash Sale,2025-06-30 22:00:00 UTC,2030-12-31 21:00:00 UTC,"Profită de reduceri fulger în Flash Sale-ul Otter, de luni pana vineri, intre 10-13! Încălțăminte și accesorii la prețuri masiv reduse.","Profită de reduceri fulger în Flash Sale-ul Otter, de luni pana vineri, intre 10-13! Încălțăminte și accesorii la prețuri masiv reduse.",,https://www.otter.ro/flashsale,
nobilacasa.ro,REDUCERI COMBO,2025-04-14 21:00:00 UTC,2026-12-31 21:00:00 UTC,"Am lansat campania REDUCERI COMBO – o oportunitate perfectă pentru a crește vânzările rapid și eficient!
🔸 Ce înseamnă Reduceri Combo? Produsele preferate de clienți sunt acum disponibile la prețuri mai mici atunci când sunt cumpărate împreună!
După lansare, am avut un interes crescut: clienții profită din plin de aceste oferte și adaugă în coș produse populare, dar mai avantajoase ca preț.
Campaniei REDUCERI COMBO – este o soluție simplă și eficientă pentru a crește valoarea coșului de cumpărături.
Link: https://www.nobilacasa.ro/sale/reduceri-combo
Oferta este valabilă doar Online în limita stocului disponibil și nu se cumulează cu alte coduri sau vouchere active!","REDUCERI COMBO-Cumpără în combo, economisește și bucură-te de cele mai iubite produse, la preț redus!
Alege bestseller-urile noastre în combo – produsele populare acum sunt mai ieftine împreună!
Oferta este valabilă doar Online în limita stocului disponibil și nu se cumulează cu alte coduri sau vouchere active!
Link: Link: https://www.nobilacasa.ro/sale/reduceri-combo",,https://www.nobilacasa.ro/sale/reduceri-combo,
bookzone.ro ,Nou pe bookzone.ro: 1200 de titluri în engleză – Un adevărat festin literar!,2024-12-29 22:00:00 UTC,2026-12-31 22:00:00 UTC,"Pe bookzone.ro găsești 1200 de titluri în engleză. Aceste cărți acoperă o gamă variată de genuri, de la ficțiune la non-ficțiune. Acesta este doar începutul – vom continua să extindem oferta în limba engleză în perioada următoare.","Pe bookzone.ro găsești 1200 de titluri în engleză. Aceste cărți acoperă o gamă variată de genuri, de la ficțiune la non-ficțiune. Acesta este doar începutul – vom continua să extindem oferta în limba engleză în perioada următoare.",,https://bookzone.ro/carti/carti-in-limba-engleza,
fara-daunatori.ro,Oferta 1+1,2024-05-28 08:00:00 UTC,2027-02-28 18:00:00 UTC,Oferta 1+1,Oferta 1+1,,https://www.fara-daunatori.ro/search/oferta/?q=oferta,
sneakerit.ro,Sale,2024-03-08 04:00:00 UTC,2029-03-08 04:00:00 UTC,Toate produsele reduse de pe sneakerit.ro,,,https://www.sneakerit.ro/sale,Special Banners
vidaxl.bg ,10% намаление,2022-11-14 05:00:00 UTC,2029-12-30 16:00:00 UTC,"Винаги има перфектна оферта за вас; просто следете ежемесечно актуализираната ни страница с оферти, която можете да намерите в долния колонтитул на главната страница.

Използвайте промоционалния код OFERTI01 при плащане, за да получите допълнителна отстъпка от 10%. Кодът е приложим само за всички продукти, видими на страницата с оферти, без минимална стойност на поръчката.",,,https://www.vidaxl.bg/campaign-s-oferti,
vidaxl.bg ,Абонирайте се за нашия бюлетин днес & получавате отстъпка от 10 лв. при регистрация!,2022-07-31 16:00:00 UTC,2029-12-31 16:00:00 UTC,"Страхотни бонуси за присъединяване към общността на vidaXL:

> бъдете първите, които ще научат за нашите нови оферти

> получавате отстъпка от 10 лв. при регистрация

> ползвайте ексклузивни отстъпки

> получавайте актуална информация за най-новите ни предложения

> черпете вдъхновение от най-новите тенденции, стилове и публикации в блога чрез нашите седмични бюлетини",,,https://www.vidaxl.bg/subscribe-to-newsletter.html,
vidaxl.ro,Abonează-te la newsletterul nostru az & beneficiază de o reducere de 25Lei la înscriere!,2022-07-31 16:00:00 UTC,2028-12-31 16:00:00 UTC,"Beneficii mari pentru a te alătura comunității vidaXL:

> fii primul care află despre noile noastre oferte

> beneficiază de o reducere de 25Lei la înscriere

> bucură-te de reduceri exclusive

> fii la curent cu cele mai noi articole

> inspiră-te din cele mai noi tendințe, stiluri și postări de blog prin newsletterele noastre săptămânale",,,https://www.vidaxl.ro/subscribe-to-newsletter.html,
vidaxl.ro,Deals Page: Reduceri de 10% prin codul OFERTE01,2021-08-19 14:00:00 UTC,2029-12-30 16:00:00 UTC,"Există o ofertă perfectă pentru tine; doar fii cu ochii pe Pagina de Oferte pe care o actualizăm lunar și care poate fi găsită în subsolul paginii principale.

Folosește codul promoțional OFERTE01 la finalizarea comenzii pentru a primi o reducere suplimentară de 10%.Codul poate fi folosit doar pentru toate produsele vizibile pe Pagina de Oferte și fără o valoare minimă a comenzii.",,,https://www.vidaxl.ro/campaign-s-oferte,
