magazin,nivel,scor,platforma,comision_max_pct,are_promotie,cod_cupon,in_feed_produse,pagina_brand,link_afiliat_real,sales_number
emag.ro,AGRESIV,22.8,profitshare,20.0,1,0,1,1,1,0
hairify.ro,AGRESIV,20.8,2performant,24.0,1,1,1,0,1,0
facturis-online.ro,AGRESIV,20.5,profitshare,35.0,1,0,1,0,1,0
libris.ro,AGRESIV,20.0,profitshare,8.0,1,0,1,1,1,0
pcmadd.com,AGRESIV,19.9,profitshare,6.0,1,0,1,1,1,0
incaltamintelamoda.ro,AGRESIV,19.9,2performant,12.0,1,1,1,0,1,0
elindor.ro,AGRESIV,19.6,2performant,10.0,1,1,1,0,1,0
noriel.ro,AGRESIV,19.3,2performant,7.0,1,0,1,1,1,0
videt.ro,AGRESIV,19.3,2performant,10.0,1,1,1,0,1,0
temu.com,ASCUNS,19.2,direct,0.0,1,1,1,1,0,0
vidaxl.ro,AGRESIV,19.2,2performant,7.0,1,0,1,1,1,0
bookzone.ro,AGRESIV,19.0,2performant,10.0,1,0,1,1,1,0
shein.com,ASCUNS,18.9,direct,0.0,1,1,1,1,0,0
otter.ro,AGRESIV,18.8,2performant,5.0,1,0,1,1,1,0
trendyol.com,ASCUNS,18.7,direct,0.0,1,1,1,1,0,0
litera.ro,AGRESIV,18.7,2performant,7.0,1,0,1,1,1,0
decathlon.ro,AGRESIV,18.6,2performant,5.0,1,0,1,1,1,0
fashiondays.ro,AGRESIV,18.5,profitshare,5.0,1,0,1,1,1,0
carturesti.ro,AGRESIV,18.4,2performant,9.0,1,0,1,1,1,0
atelier49.ro,AGRESIV,18.4,2performant,6.0,1,1,1,0,1,0
pickndazzle.com,AGRESIV,18.0,2performant,5.0,1,1,1,0,1,0
manukashop.ro,NORMAL,17.9,2performant,18.0,1,0,1,0,1,0
giftdesign.ro,NORMAL,17.9,2performant,7.0,1,1,1,0,1,0
intimax.ro,NORMAL,17.6,2performant,20.0,1,0,1,0,1,0
moftcollection.ro,NORMAL,17.5,2performant,20.0,1,0,1,0,1,0
femieko.ro,NORMAL,17.5,2performant,19.0,1,0,1,0,1,0
drmax.ro,NORMAL,17.0,2performant,2.0,1,0,1,1,1,0
curteaveche.ro,NORMAL,16.9,2performant,15.0,1,0,1,0,1,0
niculescu.ro,NORMAL,16.8,2performant,10.0,1,0,1,0,1,0
trendyup.ro,NORMAL,16.8,2performant,10.0,1,0,1,0,1,0
doctorshield.ro,NORMAL,16.5,2performant,10.0,1,0,1,0,1,0
evolutionpowertools.ro,NORMAL,16.4,2performant,8.0,1,0,1,0,1,0
obio.ro,NORMAL,16.3,2performant,8.0,1,0,1,0,1,0
labelshop.ro,NORMAL,16.2,2performant,15.0,1,0,1,0,1,0
craftup.ro,NORMAL,16.2,2performant,10.0,1,0,1,0,1,0
librarie.net,NORMAL,16.1,2performant,8.0,1,0,1,0,1,0
zephyrlabs.ro,NORMAL,16.1,2performant,8.0,1,0,1,0,1,0
nobilacasa.ro,NORMAL,16.0,2performant,0.0,1,1,1,0,1,0
sneakerit.ro,NORMAL,16.0,2performant,8.0,1,0,1,0,1,0
ookee.ro,NORMAL,16.0,2performant,5.0,1,0,1,0,1,0
estel.ro,NORMAL,16.0,2performant,10.0,1,0,1,0,1,0
mobidea.ro,NORMAL,15.9,2performant,5.5,1,0,1,0,1,0
daedalusonline.eu,NORMAL,15.8,profitshare,7.0,1,0,1,0,1,0
arabescu.ro,NORMAL,15.8,2performant,5.0,1,0,1,0,1,0
pint.ro,NORMAL,15.7,profitshare,10.0,1,0,1,0,1,0
edituradiana.ro,NORMAL,15.7,2performant,4.0,1,0,1,0,1,0
vetro.ro,NORMAL,15.6,2performant,3.5,1,0,1,0,1,0
mobonline.ro,NORMAL,15.6,2performant,8.0,1,0,1,0,1,0
sanoverde.ro,NORMAL,15.6,2performant,10.0,1,0,1,0,1,0
fara-daunatori.ro,NORMAL,15.5,2performant,10.0,1,0,1,0,1,0
vidaxl.bg,NORMAL,15.5,2performant,5.0,1,0,1,0,1,0
atomico.ro,NORMAL,15.5,2performant,5.0,1,0,1,0,1,0
afisport.ro,NORMAL,15.4,2performant,5.0,1,0,1,0,1,0
interlink.ro,NORMAL,15.4,2performant,4.0,1,0,1,0,1,0
expomob.ro,NORMAL,15.3,2performant,7.0,1,0,1,0,1,0
autobob.ro,NORMAL,15.3,2performant,5.5,1,0,1,0,1,0
yves-rocher.ro,NORMAL,15.3,2performant,8.0,1,0,1,0,1,0
jollymag.ro,NORMAL,15.2,2performant,0.0,1,1,1,0,1,0
fera.ro,NORMAL,15.2,2performant,0.0,1,1,1,0,1,0
exclusive-home.ro,NORMAL,15.2,profitshare,10.0,1,0,1,0,1,0
vapetronic.ro,NORMAL,15.1,profitshare,8.0,1,0,1,0,1,0
medimfarm.ro,NORMAL,14.9,2performant,0.0,1,1,1,0,1,0
streamstore.ro,NORMAL,14.9,profitshare,10.0,1,0,1,0,1,0
paa-home.ro,NORMAL,14.9,2performant,7.0,1,0,1,0,1,0
delaria.ro,NORMAL,14.9,2performant,7.0,1,0,1,0,1,0
bsgmag.ro,NORMAL,14.8,2performant,3.0,1,0,1,0,1,0
lenjeriapufoasa.ro,NORMAL,14.8,2performant,5.0,1,0,1,0,1,0
giftspot.ro,NORMAL,14.6,profitshare,7.0,1,0,1,0,1,0
mathaus.ro,NORMAL,14.5,profitshare,3.5,1,0,1,0,1,0
112coffee.com,NORMAL,14.5,2performant,1.0,1,0,1,0,1,0
regata.ro,NORMAL,14.2,2performant,1.0,1,0,1,0,1,0
farmec.ro,NORMAL,14.1,2performant,0.0,1,0,1,0,1,0
surfshark.com,NORMAL,14.0,impact,40.0,0,0,0,0,1,0
hostinger.ro,NORMAL,14.0,impact,60.0,0,0,0,0,1,0
shopify.com,NORMAL,13.8,impact,150.0,0,0,0,0,1,0
bitdefender.ro,NORMAL,13.7,impact,40.0,0,0,0,0,1,0
coursera.org,NORMAL,13.6,impact,45.0,0,0,0,0,1,0
revolut.com,NORMAL,13.6,impact,200.0,0,0,0,0,1,0
market.envato.com,NORMAL,13.6,impact,30.0,0,0,0,0,1,0
invideo.io,NORMAL,13.5,impact,50.0,0,0,0,0,1,0
banggood.com,NORMAL,13.5,impact,12.0,0,0,0,1,1,0
upwork.com,NORMAL,13.4,impact,150.0,0,0,0,0,1,0
dhgate.com,NORMAL,13.3,impact,50.0,0,0,0,0,1,0
12go.com,NORMAL,13.3,impact,100.0,0,0,0,0,1,0
appsumo.com,NORMAL,13.3,impact,100.0,0,0,0,0,1,0
bitdefender.com,NORMAL,13.3,impact,50.0,0,0,0,0,1,0
bitgw.com,NORMAL,13.3,impact,55.0,0,0,0,0,1,0
efem.es,NORMAL,13.3,impact,60.0,0,0,0,0,1,0
gearupbooster.com,NORMAL,13.3,impact,70.0,0,0,0,0,1,0
helium10.com,NORMAL,13.3,impact,100.0,0,0,0,0,1,0
hightideinc.com,NORMAL,13.3,impact,50.0,0,0,0,0,1,0
mulerun.com,NORMAL,13.3,impact,50.0,0,0,0,0,1,0
menavpn1.com,NORMAL,13.3,impact,50.0,0,0,0,0,1,0
nexo.com,ASCUNS,13.3,impact,100.0,0,0,0,0,0,0
rewarx.com,NORMAL,13.3,impact,50.0,0,0,0,0,1,0
scalahosting.com,NORMAL,13.3,impact,100.0,0,0,0,0,1,0
wr.st-asu.com,NORMAL,13.3,impact,200.0,0,0,0,0,1,0
twizzlo.com,ASCUNS,13.3,impact,50.0,0,0,0,0,0,0
knowledgehut.com,NORMAL,13.3,impact,50.0,0,0,0,0,1,0
datacamp.com,NORMAL,13.2,impact,35.0,0,0,0,0,1,0
popai.pro,NORMAL,13.1,impact,45.0,0,0,0,0,1,0
365datascience.com,NORMAL,13.1,impact,30.0,0,0,0,0,1,0
accio.com,NORMAL,13.1,impact,30.0,0,0,0,0,1,0
adguard.com,NORMAL,13.1,impact,40.0,0,0,0,0,1,0
artemisads.com,NORMAL,13.1,impact,35.0,0,0,0,0,1,0
byteplus.com,NORMAL,13.1,impact,30.0,0,0,0,0,1,0
cleanemail.com,NORMAL,13.1,impact,30.0,0,0,0,0,1,0
coohom.com,NORMAL,13.1,impact,30.0,0,0,0,0,1,0
elightup.com,NORMAL,13.1,impact,30.0,0,0,0,0,1,0
justfitpro.com,NORMAL,13.1,impact,45.0,0,0,0,0,1,0
globaldelight.com,NORMAL,13.1,impact,30.0,0,0,0,0,1,0
homestyler.com,NORMAL,13.1,impact,30.0,0,0,0,0,1,0
dumblescore.com,ASCUNS,13.1,impact,40.0,0,0,0,0,0,0
mydataremoval.com,ASCUNS,13.1,impact,35.0,0,0,0,0,0,0
nordvpn.com,NORMAL,13.1,impact,40.0,0,0,0,0,1,0
vidmage.ai,NORMAL,13.1,impact,30.0,0,0,0,0,1,0
pacdora.com,NORMAL,13.1,impact,30.0,0,0,0,0,1,0
renderforest.com,NORMAL,13.1,impact,40.0,0,0,0,0,1,0
retouch4.me,ASCUNS,13.1,impact,40.0,0,0,0,0,0,0
lingchat.pro,NORMAL,13.1,impact,40.0,0,0,0,0,1,0
wondershare.com,NORMAL,13.1,impact,30.0,0,0,0,0,1,0
transkriptor.com,ASCUNS,13.1,impact,30.0,0,0,0,0,0,0
infinitekind.com,NORMAL,13.1,impact,30.0,0,0,0,0,1,0
readkidz.com,ASCUNS,13.1,impact,45.0,0,0,0,0,0,0
sider.ai,ASCUNS,13.1,impact,30.0,0,0,0,0,0,0
picwish.com,NORMAL,13.1,impact,35.0,0,0,0,0,1,0
wegic.ai,NORMAL,13.1,impact,35.0,0,0,0,0,1,0
cutout.pro,ASCUNS,13.1,impact,30.0,0,0,0,0,0,0
xmind.com,NORMAL,13.1,impact,30.0,0,0,0,0,1,0
skylum.com,NORMAL,13.0,impact,30.0,0,0,0,0,1,0
herbagetica.ro,NORMAL,12.9,2performant,0.0,1,0,1,0,1,0
flashcloud.com,NORMAL,12.9,impact,60.0,0,0,0,0,1,0
mc-prime.com,NORMAL,12.9,impact,150.0,0,0,0,0,1,0
us.norton.com,NORMAL,12.8,impact,25.0,0,0,0,0,1,0
intego.com,NORMAL,12.8,impact,40.0,0,0,0,0,1,0
blinkist.com,NORMAL,12.5,impact,25.0,0,0,0,0,1,0
gsmnet.ro,NORMAL,12.4,2performant,0.0,1,0,1,0,1,0
sportera.ro,NORMAL,12.3,2performant,0.0,1,0,1,0,1,0
joom.com,NORMAL,12.0,impact,25.0,0,0,0,0,1,0
parentica.app,ASCUNS,12.0,impact,25.0,0,0,0,0,0,0
yce.perfectcorp.com,NORMAL,12.0,impact,25.0,0,0,0,0,1,0
proxy-cheap.com,NORMAL,12.0,impact,25.0,0,0,0,0,1,0
pubrio.com,ASCUNS,12.0,impact,25.0,0,0,0,0,0,0
treexy.com,NORMAL,12.0,impact,25.0,0,0,0,0,1,0
zendrop.com,NORMAL,11.6,impact,25.0,0,0,0,0,1,0
preply.com,NORMAL,11.2,impact,30.0,0,0,0,0,1,0
amigosim.com,ASCUNS,11.1,impact,20.0,0,0,0,0,0,0
amofashionltd.com,ASCUNS,11.1,impact,20.0,0,0,0,0,0,0
joinappex.com,NORMAL,11.1,impact,20.0,0,0,0,0,1,0
cellresearchcorp.com,NORMAL,11.1,impact,20.0,0,0,0,0,1,0
pi.inc,NORMAL,11.1,impact,20.0,0,0,0,0,1,0
eezysun.com,NORMAL,11.1,impact,20.0,0,0,0,0,1,0
g4free.com,NORMAL,11.1,impact,20.0,0,0,0,0,1,0
ice.gi,NORMAL,11.1,impact,20.0,0,0,0,0,1,0
jalbum.net,NORMAL,11.1,impact,20.0,0,0,0,0,1,0
flowith.io,NORMAL,11.1,impact,20.0,0,0,0,0,1,0
marketxls.com,NORMAL,11.1,impact,20.0,0,0,0,0,1,0
maya.net,NORMAL,11.1,impact,20.0,0,0,0,0,1,0
omnisend.com,NORMAL,11.1,impact,20.0,0,0,0,0,1,0
orbitmobile.com,NORMAL,11.1,impact,20.0,0,0,0,0,1,0
outin.com,NORMAL,11.1,impact,20.0,0,0,0,0,1,0
plusmetrica.com,NORMAL,11.1,impact,20.0,0,0,0,0,1,0
selenichast.com,NORMAL,11.1,impact,20.0,0,0,0,0,1,0
bstd.ai,ASCUNS,11.1,impact,20.0,0,0,0,0,0,0
udemy.com,NORMAL,11.1,impact,20.0,0,0,0,0,1,0
miniolie.com,NORMAL,11.1,impact,20.0,0,0,0,0,1,0
chillsim.net,NORMAL,11.1,impact,20.0,0,0,0,0,1,0
mscompanyltd.jp,ASCUNS,11.1,impact,20.0,0,0,0,0,0,0
vecteezy.com,NORMAL,11.0,impact,20.0,0,0,0,0,1,0
vegis.ro,NORMAL,10.9,profitshare,8.0,0,0,0,1,1,0
kamin.ro,NORMAL,10.7,2performant,10.0,0,0,1,0,1,0
dacris.net,NORMAL,10.7,2performant,10.0,0,0,1,0,1,0
coutureforgentlemen.ro,NORMAL,10.7,2performant,10.0,0,0,1,0,1,0
optiblu.ro,NORMAL,10.7,2performant,10.0,0,0,1,0,1,0
iaohi.com,ASCUNS,10.4,impact,18.0,0,0,0,0,0,0
clym.io,ASCUNS,10.4,impact,18.0,0,0,0,0,0,0
macrosoft.store,ASCUNS,10.4,impact,18.0,0,0,0,0,0,0
zerobounce.net,NORMAL,10.4,impact,18.0,0,0,0,0,1,0
minuneanaturii.ro,NORMAL,10.3,2performant,8.0,0,0,1,0,1,0
foliecubule.ro,NORMAL,10.3,2performant,8.0,0,0,1,0,1,0
targulcartii.ro,NORMAL,10.2,2performant,7.0,0,0,1,0,1,0
edez.ro,NORMAL,10.2,2performant,7.0,0,0,1,0,1,0
kamu.ro,NORMAL,10.2,2performant,7.5,0,0,1,0,1,0
le-parmentier.com,ASCUNS,10.1,impact,16.0,0,0,0,0,0,0
razer.com,NORMAL,10.0,impact,10.0,0,0,0,0,1,0
navstore.ro,NORMAL,10.0,2performant,6.0,0,0,1,0,1,0
exakids.com,NORMAL,10.0,2performant,6.0,0,0,1,0,1,0
lenovo.com,LOW,9.9,impact,8.0,0,0,0,0,1,0
aimer.com,LOW,9.9,impact,15.0,0,0,0,0,1,0
airalo.com,LOW,9.9,impact,15.0,0,0,0,0,1,0
artzmiami.com,ASCUNS,9.9,impact,15.0,0,0,0,0,0,0
bcengi.com,ASCUNS,9.9,impact,15.0,0,0,0,0,0,0
roam.virginconnect.com,ASCUNS,9.9,impact,15.0,0,0,0,0,0,0
cliganic.com,LOW,9.9,impact,15.0,0,0,0,0,1,0
cognifit.com,LOW,9.9,impact,15.0,0,0,0,0,1,0
mydataninja.com,LOW,9.9,impact,15.0,0,0,0,0,1,0
pelago.com,LOW,9.9,impact,15.0,0,0,0,0,1,0
linnerlife.com,LOW,9.9,impact,15.0,0,0,0,0,1,0
margovil.com,LOW,9.9,impact,15.0,0,0,0,0,1,0
niphean.com,LOW,9.9,impact,15.0,0,0,0,0,1,0
plantifique.com,ASCUNS,9.9,impact,15.0,0,0,0,0,0,0
suosooptics.com,ASCUNS,9.9,impact,15.0,0,0,0,0,0,0
voyeglobal.com,LOW,9.9,impact,15.0,0,0,0,0,1,0
helloice.com,LOW,9.9,impact,15.0,0,0,0,0,1,0
zereanlabs.com,LOW,9.9,impact,15.0,0,0,0,0,1,0
airzlink.com,LOW,9.9,impact,15.0,0,0,0,0,1,0
rubyfashion.ro,LOW,9.9,profitshare,20.0,0,0,0,0,1,0
logitech.com,LOW,9.8,impact,8.0,0,0,0,0,1,0
crocs.com,LOW,9.8,impact,10.0,0,0,0,0,1,0
laavooextensions.com,ASCUNS,9.8,impact,14.0,0,0,0,0,0,0
store.hohem.com,LOW,9.8,impact,14.0,0,0,0,0,1,0
remediumfarm.ro,LOW,9.8,2performant,5.0,0,0,1,0,1,0
eumed.ro,LOW,9.8,2performant,5.0,0,0,1,0,1,0
europroduse.ro,LOW,9.8,2performant,5.0,0,0,1,0,1,0
delphinusworld.com,LOW,9.6,impact,13.0,0,0,0,0,1,0
meshnology.com,LOW,9.6,impact,13.0,0,0,0,0,1,0
stockx.com,LOW,9.5,impact,8.0,0,0,0,0,1,0
muc-off.com,LOW,9.5,impact,10.0,0,0,0,0,1,0
kitunghii.ro,LOW,9.5,2performant,15.0,0,0,0,1,1,0
pagewings.com,LOW,9.4,impact,12.0,0,0,0,0,1,0
zolucky.com,LOW,9.4,impact,12.0,0,0,0,0,1,0
de.eureka.com,ASCUNS,9.4,impact,12.0,0,0,0,0,0,0
mooyius.com,LOW,9.4,impact,12.0,0,0,0,0,1,0
outfitrer.com,LOW,9.4,impact,12.0,0,0,0,0,1,0
poposoapsolar.com,ASCUNS,9.4,impact,12.0,0,0,0,0,0,0
incerunmen.com,LOW,9.4,impact,12.0,0,0,0,0,1,0
italist.com,LOW,9.4,impact,12.0,0,0,0,0,1,0
torraslife.com,LOW,9.4,impact,12.0,0,0,0,0,1,0
toyletite.store,ASCUNS,9.4,impact,12.0,0,0,0,0,0,0
promeed.com,ASCUNS,9.4,impact,12.0,0,0,0,0,0,0
tinylandus.com,LOW,9.4,impact,12.0,0,0,0,0,1,0
iconicul.ro,LOW,9.4,profitshare,20.0,0,0,0,0,1,0
etravelsim.com,LOW,9.3,impact,11.0,0,0,0,0,1,0
tvcmall.com,LOW,9.3,impact,11.0,0,0,0,0,1,0
8000kicks.com,ASCUNS,9.1,impact,10.0,0,0,0,0,0,0
acebeam.com,ASCUNS,9.1,impact,10.0,0,0,0,0,0,0
aeroband.net,ASCUNS,9.1,impact,10.0,0,0,0,0,0,0
amotopart.com,LOW,9.1,impact,10.0,0,0,0,0,1,0
avidlove.com,LOW,9.1,impact,10.0,0,0,0,0,1,0
bestchoiceproducts.com,LOW,9.1,impact,10.0,0,0,0,0,1,0
store.boyamic.com,LOW,9.1,impact,10.0,0,0,0,0,1,0
bytesim.com,LOW,9.1,impact,10.0,0,0,0,0,1,0
capelin-crew.com,LOW,9.1,impact,10.0,0,0,0,0,1,0
ottocast.com,LOW,9.1,impact,10.0,0,0,0,0,1,0
cleanster.com,LOW,9.1,impact,10.0,0,0,0,0,1,0
ctrader.com,LOW,9.1,impact,10.0,0,0,0,0,1,0
nbatopshot.com,ASCUNS,9.1,impact,10.0,0,0,0,0,0,0
store.hiby.com,ASCUNS,9.1,impact,10.0,0,0,0,0,0,0
ebrands.com,LOW,9.1,impact,10.0,0,0,0,0,1,0
esimatic.com,LOW,9.1,impact,10.0,0,0,0,0,1,0
esimo.io,ASCUNS,9.1,impact,10.0,0,0,0,0,0,0
esmondnaturalusa.com,ASCUNS,9.1,impact,10.0,0,0,0,0,0,0
airhubapp.com,LOW,9.1,impact,10.0,0,0,0,0,1,0
wheeltop.com,ASCUNS,9.1,impact,10.0,0,0,0,0,0,0
solacechic.com,LOW,9.1,impact,10.0,0,0,0,0,1,0
merachfit.com,LOW,9.1,impact,10.0,0,0,0,0,1,0
ashimaryhair.com,LOW,9.1,impact,10.0,0,0,0,0,1,0
hototools.com,LOW,9.1,impact,10.0,0,0,0,0,1,0
lightingwill.com,LOW,9.1,impact,10.0,0,0,0,0,1,0
jetpacglobal.com,LOW,9.1,impact,10.0,0,0,0,0,1,0
kingcampoutdoors.com,ASCUNS,9.1,impact,10.0,0,0,0,0,0,0
shopmakari.com,LOW,9.1,impact,10.0,0,0,0,0,1,0
mbito.app,ASCUNS,9.1,impact,10.0,0,0,0,0,0,0
us.anthbot.com,LOW,9.1,impact,10.0,0,0,0,0,1,0
vollyc.com,LOW,9.1,impact,10.0,0,0,0,0,1,0
hailuoai.video,LOW,9.1,impact,10.0,0,0,0,0,1,0
neakasa.com,LOW,9.1,impact,10.0,0,0,0,0,1,0
onemilebike.com,LOW,9.1,impact,10.0,0,0,0,0,1,0
obdeleven.com,LOW,9.1,impact,10.0,0,0,0,0,1,0
ohuhu.com,LOW,9.1,impact,10.0,0,0,0,0,1,0
parallels.com,LOW,9.1,impact,10.0,0,0,0,0,1,0
simovo.com,ASCUNS,9.1,impact,10.0,0,0,0,0,0,0
printerpix.de,ASCUNS,9.1,impact,10.0,0,0,0,0,0,0
saily.com,LOW,9.1,impact,10.0,0,0,0,0,1,0
cvlife.com,LOW,9.1,impact,10.0,0,0,0,0,1,0
botslab.com,LOW,9.1,impact,10.0,0,0,0,0,1,0
tokendab.com,LOW,9.1,impact,10.0,0,0,0,0,1,0
wavespeed.ai,LOW,9.1,impact,10.0,0,0,0,0,1,0
billionconnect.net,ASCUNS,9.1,impact,10.0,0,0,0,0,0,0
wiskiiactive.com,LOW,9.1,impact,10.0,0,0,0,0,1,0
comfier.com,ASCUNS,9.1,impact,10.0,0,0,0,0,0,0
amandahairs.com,LOW,9.1,impact,10.0,0,0,0,0,1,0
chroot.ro,LOW,9.1,profitshare,20.0,0,0,0,0,1,0
facturis.ro,LOW,9.0,2performant,40.0,0,0,0,0,1,0
emelodii.ro,LOW,9.0,2performant,45.0,0,0,0,0,1,0
omio.com,LOW,8.8,impact,5.0,0,0,0,0,1,0
perfectbijoux.ro,LOW,8.7,profitshare,15.0,0,0,0,0,1,0
hostico.ro,LOW,8.7,profitshare,25.0,0,0,0,0,1,0
kkday.com,LOW,8.6,impact,5.0,0,0,0,0,1,0
it.alpinestars.com,LOW,8.4,impact,8.0,0,0,0,0,1,0
bleequp.com,LOW,8.4,impact,8.0,0,0,0,0,1,0
geekbuying.com,LOW,8.4,impact,8.0,0,0,0,0,1,0
rosewe.com,LOW,8.4,impact,8.0,0,0,0,0,1,0
us.fossibot.com,LOW,8.4,impact,8.0,0,0,0,0,1,0
instantfunding.com,LOW,8.4,impact,8.0,0,0,0,0,1,0
jackery.com,LOW,8.4,impact,8.0,0,0,0,0,1,0
kingbullbike.com,LOW,8.4,impact,8.0,0,0,0,0,1,0
mushroomsupplies.com,LOW,8.4,impact,8.0,0,0,0,0,1,0
saflyfun.com,ASCUNS,8.4,impact,8.0,0,0,0,0,0,0
funwhole.com,LOW,8.4,impact,8.0,0,0,0,0,1,0
us.tcl.com,LOW,8.4,impact,8.0,0,0,0,0,1,0
wizbay.com,ASCUNS,8.4,impact,8.0,0,0,0,0,0,0
kailasgear.com,ASCUNS,8.4,impact,8.0,0,0,0,0,0,0
iproyal.com,LOW,8.3,impact,15.0,0,0,0,0,1,0
axi-card.ro,LOW,8.3,profitshare,25.0,0,0,0,0,1,0
anker.com,LOW,8.2,impact,7.0,0,0,0,0,1,0
getnomad.app,LOW,8.2,impact,7.0,0,0,0,0,1,0
nnhotels.com,LOW,8.2,impact,7.0,0,0,0,0,1,0
sportsevents365.com,LOW,8.2,impact,7.0,0,0,0,0,1,0
tp-link.com,LOW,8.2,impact,7.0,0,0,0,0,1,0
answear.ro,LOW,8.2,2performant,7.0,0,0,0,1,1,0
scule365.ro,LOW,8.2,2performant,7.0,0,0,0,1,1,0
firmereport.ro,LOW,8.2,2performant,25.0,0,0,0,0,1,0
chatrium.com,LOW,8.1,impact,6.0,0,0,0,0,1,0
compasshospitality.com,LOW,8.1,impact,6.0,0,0,0,0,1,0
crownandchamparesorts.com,LOW,8.1,impact,6.0,0,0,0,0,1,0
zenhotels.com,ASCUNS,8.1,impact,6.0,0,0,0,0,0,0
jaresortshotels.com,LOW,8.1,impact,6.0,0,0,0,0,1,0
benpay.com,LOW,8.1,impact,6.0,0,0,0,0,1,0
nh-hotels.com,LOW,8.1,impact,6.0,0,0,0,0,1,0
original-group.com,LOW,8.1,impact,6.0,0,0,0,0,1,0
mowrator.com,ASCUNS,8.1,impact,6.0,0,0,0,0,0,0
sidi.com,LOW,8.1,impact,6.0,0,0,0,0,1,0
m.unice.com,LOW,8.1,impact,6.0,0,0,0,0,1,0
vilagale.com,LOW,8.1,impact,6.0,0,0,0,0,1,0
belffin.com,LOW,8.1,impact,6.0,0,0,0,0,1,0
trybinge.tv,LOW,8.0,impact,8.0,0,0,0,0,1,0
techstar.ro,LOW,8.0,profitshare,15.0,0,0,0,0,1,0
brico.ro,LOW,8.0,2performant,6.0,0,0,0,1,1,0
eufy.com,LOW,7.9,impact,10.0,0,0,0,0,1,0
auraligned.com,ASCUNS,7.9,impact,5.0,0,0,0,0,0,0
danubiushotels.com,LOW,7.9,impact,5.0,0,0,0,0,1,0
shop.doreljuvenile.com,LOW,7.9,impact,5.0,0,0,0,0,1,0
esdcodes.com,ASCUNS,7.9,impact,5.0,0,0,0,0,0,0
flowerknows.co,ASCUNS,7.9,impact,5.0,0,0,0,0,0,0
lisbonheritagehotels.com,LOW,7.9,impact,5.0,0,0,0,0,1,0
mynextbike.co.uk,ASCUNS,7.9,impact,5.0,0,0,0,0,0,0
navimow.com,LOW,7.9,impact,5.0,0,0,0,0,1,0
nobis.com,ASCUNS,7.9,impact,5.0,0,0,0,0,0,0
store.pongbotsports.com,LOW,7.9,impact,5.0,0,0,0,0,1,0
reverencehotels.com,LOW,7.9,impact,5.0,0,0,0,0,1,0
rowabi.com,LOW,7.9,impact,5.0,0,0,0,0,1,0
litime.com,LOW,7.9,impact,5.0,0,0,0,0,1,0
stuhrling.com,LOW,7.9,impact,5.0,0,0,0,0,1,0
trugrit-fitness.com,LOW,7.9,impact,5.0,0,0,0,0,1,0
vevor.com,LOW,7.9,impact,5.0,0,0,0,0,1,0
awolvision.com,LOW,7.9,impact,5.0,0,0,0,0,1,0
autofull.com,LOW,7.9,impact,5.0,0,0,0,0,1,0
ekrcover.com,LOW,7.9,impact,5.0,0,0,0,0,1,0
priveboutique.net,LOW,7.8,profitshare,10.0,0,0,0,0,1,0
petmax.ro,LOW,7.8,2performant,5.0,0,0,0,1,1,0
automobilus.ro,LOW,7.8,2performant,5.0,0,0,0,1,1,0
petmart.ro,LOW,7.8,2performant,5.0,0,0,0,1,1,0
pfarma.ro,LOW,7.8,2performant,5.0,0,0,0,1,1,0
dyfashion.ro,LOW,7.7,2performant,0.0,0,0,0,0,1,0
inpuff.ro,LOW,7.7,2performant,0.0,0,0,0,0,1,0
foglia.ro,LOW,7.7,2performant,0.0,0,0,0,0,1,0
originals.ro,LOW,7.7,2performant,0.0,0,0,0,0,1,0
sofiline.ro,LOW,7.7,2performant,0.0,0,0,0,0,1,0
various-brands.ro,LOW,7.7,2performant,0.0,0,0,0,0,1,0
gameology.ro,LOW,7.7,2performant,0.0,0,0,0,0,1,0
mindblower.ro,LOW,7.7,profitshare,11.0,0,0,0,0,1,0
notino.ro,LOW,7.7,2performant,4.0,0,0,0,1,1,0
amazon.com,LOW,7.6,impact,0.0,0,0,0,1,1,0
nurio.ro,LOW,7.5,2performant,0.0,0,0,0,0,1,0
youparcel.com,LOW,7.5,impact,5.0,0,0,0,0,1,0
nosugarshop.ro,LOW,7.5,profitshare,10.0,0,0,0,0,1,0
liki24.ro,LOW,7.5,2performant,3.0,0,0,0,1,1,0
sportdepot.ro,LOW,7.5,2performant,3.0,0,0,0,1,1,0
adventology.co.uk,LOW,7.4,impact,0.0,0,0,0,0,1,0
arenacollection.com,LOW,7.4,impact,4.0,0,0,0,0,1,0
hotelarenalspring.com,ASCUNS,7.4,impact,4.0,0,0,0,0,0,0
atzavarahotel.com,LOW,7.4,impact,4.0,0,0,0,0,1,0
azulixtapa.com,LOW,7.4,impact,4.0,0,0,0,0,1,0
azzhoteles.com,LOW,7.4,impact,4.0,0,0,0,0,1,0
b-rent.com,LOW,7.4,impact,4.0,0,0,0,0,1,0
baglionihotels.com,LOW,7.4,impact,4.0,0,0,0,0,1,0
en.beachscape.com.mx,LOW,7.4,impact,4.0,0,0,0,0,1,0
greekmoving.com,LOW,7.4,impact,4.0,0,0,0,0,1,0
insotelhotelgroup.com,LOW,7.4,impact,4.0,0,0,0,0,1,0
magichotelgroup.com,LOW,7.4,impact,4.0,0,0,0,0,1,0
jdsports.id,ASCUNS,7.4,impact,4.0,0,0,0,0,0,0
turtlebeach.com,LOW,7.4,impact,4.0,0,0,0,0,1,0
sevensins.ro,LOW,7.4,2performant,0.0,0,0,0,0,1,3522
abdcomputer.ro,LOW,7.4,profitshare,7.0,0,0,0,0,1,0
citgrup.ro,LOW,7.4,profitshare,8.0,0,0,0,0,1,0
creditprime.ro,LOW,7.4,profitshare,20.0,0,0,0,0,1,0
elefant.ro,LOW,7.4,2performant,2.5,0,0,0,1,1,0
eu.turtlebeach.com,LOW,7.3,impact,8.0,0,0,0,0,1,0
maxicosi.com,LOW,7.3,impact,8.0,0,0,0,0,1,0
educlass.ro,LOW,7.3,profitshare,5.0,0,0,0,0,1,0
mycloset.ro,LOW,7.3,profitshare,8.0,0,0,0,0,1,0
hiris.ro,LOW,7.3,profitshare,8.0,0,0,0,0,1,0
watch24.ro,LOW,7.3,profitshare,15.0,0,0,0,0,1,0
lu.ro,LOW,7.3,2performant,20.0,0,0,0,0,1,0
starmobile.ro,LOW,7.3,2performant,20.0,0,0,0,0,1,0
electricsun.de,LOW,7.3,2performant,20.0,0,0,0,0,1,0
telvertical.ro,LOW,7.3,2performant,20.0,0,0,0,0,1,0
damas.ro,LOW,7.3,2performant,20.0,0,0,0,0,1,0
tessile.ro,LOW,7.3,2performant,20.0,0,0,0,0,1,0
cursuri-ai.ro,LOW,7.3,2performant,20.0,0,0,0,0,1,0
edenofclothes.com,LOW,7.3,2performant,20.0,0,0,0,0,1,0
datahost.ro,LOW,7.3,2performant,20.0,0,0,0,0,1,0
kaelo.ro,LOW,7.3,2performant,20.0,0,0,0,0,1,0
berjayahotel.com,LOW,7.2,impact,3.0,0,0,0,0,1,0
postjoyebike.com,ASCUNS,7.2,impact,3.0,0,0,0,0,0,0
lopesan.com,LOW,7.2,impact,3.0,0,0,0,0,1,0
popilush.com,LOW,7.2,impact,3.0,0,0,0,0,1,0
itgalaxy.ro,LOW,7.2,profitshare,10.0,0,0,0,0,1,0
arccaptain.com,LOW,7.1,impact,2.0,0,0,0,0,1,0
buybestgear.com,LOW,7.1,impact,2.0,0,0,0,0,1,0
sandandsky.com,LOW,7.1,impact,2.0,0,0,0,0,1,0
mfimedical.com,ASCUNS,7.1,impact,2.0,0,0,0,0,0,0
watches2u.com,LOW,7.1,impact,2.0,0,0,0,0,1,0
networksolutions.com,LOW,7.1,impact,3.0,0,0,0,0,1,0
ravpower.com,LOW,7.0,impact,8.0,0,0,0,0,1,0
nl.jackery.com,LOW,7.0,impact,8.0,0,0,0,0,1,0
eechic.com,LOW,6.9,impact,1.0,0,0,0,0,1,0
oneplus.com,LOW,6.8,impact,6.0,0,0,0,0,1,0
sportpartner.ro,LOW,6.8,profitshare,7.0,0,0,0,0,1,0
bijubox.ro,LOW,6.8,2performant,17.0,0,0,0,0,1,0
mede.cc,LOW,6.7,impact,0.0,0,0,0,0,1,0
arkudadigital.com,LOW,6.7,impact,0.0,0,0,0,0,1,0
depox.ro,LOW,6.7,2performant,0.0,0,0,0,0,1,2795
conectoo.com,LOW,6.7,profitshare,5.0,0,0,0,0,1,0
case-smart.ro,LOW,6.7,profitshare,10.0,0,0,0,0,1,0
gave.ro,LOW,6.7,2performant,16.0,0,0,0,0,1,0
dymocks.com.au,LOW,6.6,impact,0.0,0,0,0,0,1,0
thebestprop.com,ASCUNS,6.6,impact,0.0,0,0,0,0,0,0
scufita-rosie.ro,LOW,6.6,profitshare,10.0,0,0,0,0,1,0
nailshop.ro,LOW,6.5,2performant,15.0,0,0,0,0,1,0
erotic24.ro,LOW,6.5,2performant,15.0,0,0,0,0,1,0
picadili.ro,LOW,6.5,2performant,15.0,0,0,0,0,1,0
lensa.ro,LOW,6.5,2performant,15.0,0,0,0,0,1,0
nailsup.ro,LOW,6.5,2performant,15.0,0,0,0,0,1,0
novvu.ro,LOW,6.5,2performant,15.0,0,0,0,0,1,0
21collagen.ro,LOW,6.5,2performant,15.0,0,0,0,0,1,0
pensulemachiaj.ro,LOW,6.5,2performant,15.0,0,0,0,0,1,0
everin.ro,LOW,6.5,2performant,15.0,0,0,0,0,1,0
tenq.ro,LOW,6.5,2performant,15.0,0,0,0,0,1,0
edituragama.ro,LOW,6.5,2performant,15.0,0,0,0,0,1,0
targetdeal.ro,LOW,6.5,2performant,15.0,0,0,0,0,1,0
fsm-romania.ro,LOW,6.5,2performant,15.0,0,0,0,0,1,0
shinefashion.ro,LOW,6.5,2performant,15.0,0,0,0,0,1,0
mendo.ro,LOW,6.5,2performant,15.0,0,0,0,0,1,0
modastil.ro,LOW,6.5,2performant,15.0,0,0,0,0,1,0
plantica.ro,LOW,6.5,2performant,15.0,0,0,0,0,1,0
meia.ro,LOW,6.5,2performant,15.0,0,0,0,0,1,0
autodrop.ro,LOW,6.5,2performant,15.0,0,0,0,0,1,0
synergytherm.com,LOW,6.5,2performant,15.0,0,0,0,0,1,0
vioricacosmetic.ro,LOW,6.5,2performant,15.0,0,0,0,0,1,0
ginsari.ro,LOW,6.5,2performant,15.0,0,0,0,0,1,0
urbancare.ro,LOW,6.5,2performant,15.0,0,0,0,0,1,0
truemedicalcare.ro,LOW,6.5,2performant,15.0,0,0,0,0,1,0
madebysociety.co.uk,LOW,6.5,2performant,15.0,0,0,0,0,1,0
atelierrebul.ro,LOW,6.5,2performant,15.0,0,0,0,0,1,0
imaginatieinculori.ro,LOW,6.5,2performant,15.0,0,0,0,0,1,0
velvetdesire.ro,LOW,6.5,2performant,15.0,0,0,0,0,1,0
equickpharma.ro,LOW,6.5,2performant,15.0,0,0,0,0,1,0
sellex.ro,LOW,6.5,2performant,15.0,0,0,0,0,1,0
verdemivida.ro,LOW,6.5,2performant,15.0,0,0,0,0,1,0
machiajultau.ro,LOW,6.5,2performant,15.0,0,0,0,0,1,0
duchessenails.ro,LOW,6.5,2performant,15.0,0,0,0,0,1,0
verdalis.ro,LOW,6.5,2performant,15.0,0,0,0,0,1,0
mobilalaguna.ro,LOW,6.4,2performant,0.0,0,0,0,0,1,0
dwyn.ro,LOW,6.4,profitshare,5.0,0,0,0,0,1,0
seku.ro,LOW,6.4,profitshare,7.0,0,0,0,0,1,0
anvelope-oferte.ro,LOW,6.4,profitshare,10.0,0,0,0,0,1,0
papusica.ro,LOW,6.4,2performant,14.5,0,0,0,0,1,0
dalisticq-shop.com,LOW,6.2,profitshare,8.0,0,0,0,0,1,0
nemira.ro,LOW,6.2,2performant,13.0,0,0,0,0,1,0
qudo.ro,LOW,6.2,2performant,13.0,0,0,0,0,1,0
myown.ro,LOW,6.2,2performant,13.0,0,0,0,0,1,0
gorgeaux.ro,LOW,6.2,2performant,13.0,0,0,0,0,1,0
portulromanesc.ro,LOW,6.2,2performant,13.0,0,0,0,0,1,0
ietraditionala.com,LOW,6.2,2performant,13.0,0,0,0,0,1,0
pronaturiste.ro,LOW,6.2,2performant,13.0,0,0,0,0,1,0
alecoair.ro,LOW,6.1,profitshare,5.0,0,0,0,0,1,0
vesa.ro,LOW,6.1,profitshare,7.5,0,0,0,0,1,0
contakt.ro,LOW,6.1,profitshare,10.0,0,0,0,0,1,0
emobili.ro,LOW,6.0,profitshare,5.0,0,0,0,0,1,0
aronia-charlottenburg.ro,LOW,6.0,2performant,12.0,0,0,0,0,1,0
aqualine.ro,LOW,6.0,2performant,12.0,0,0,0,0,1,0
okoshazak.hu,LOW,6.0,2performant,12.0,0,0,0,0,1,0
smokemania.ro,LOW,6.0,2performant,12.0,0,0,0,0,1,0
creativ.ro,LOW,6.0,2performant,12.0,0,0,0,0,1,0
maprofi.ro,LOW,6.0,2performant,12.0,0,0,0,0,1,0
zappatos.ro,LOW,6.0,2performant,12.0,0,0,0,0,1,0
chicbijoux.ro,LOW,6.0,2performant,12.0,0,0,0,0,1,0
xkids.ro,LOW,6.0,2performant,12.0,0,0,0,0,1,0
3gifts.ro,LOW,6.0,2performant,12.0,0,0,0,0,1,0
mirano.ro,LOW,6.0,2performant,12.0,0,0,0,0,1,0
magazintraditional.ro,LOW,6.0,2performant,12.0,0,0,0,0,1,0
pansiprod.ro,LOW,6.0,2performant,12.0,0,0,0,0,1,0
zandra.ro,LOW,6.0,2performant,12.0,0,0,0,0,1,0
verohairshop.com,LOW,6.0,2performant,12.0,0,0,0,0,1,0
ginissima.ro,LOW,6.0,2performant,12.0,0,0,0,0,1,0
candycave.ie,LOW,6.0,2performant,12.0,0,0,0,0,1,0
coltdesanatate.ro,LOW,6.0,2performant,12.0,0,0,0,0,1,0
topsport.ro,LOW,6.0,2performant,12.0,0,0,0,0,1,0
boost4life.ro,LOW,6.0,2performant,12.0,0,0,0,0,1,0
lussho.ro,LOW,6.0,2performant,12.0,0,0,0,0,1,0
scenta.ro,LOW,6.0,2performant,12.0,0,0,0,0,1,0
bactolift.ro,LOW,6.0,2performant,12.0,0,0,0,0,1,0
organicindia.ro,LOW,6.0,2performant,12.0,0,0,0,0,1,0
mygrace.ro,LOW,6.0,2performant,12.0,0,0,0,0,1,0
drbronner.ro,LOW,6.0,2performant,12.0,0,0,0,0,1,0
e-potion.ro,LOW,6.0,2performant,12.0,0,0,0,0,1,0
hotpick.ro,LOW,6.0,profitshare,12.0,0,0,0,0,1,0
evrik.ro,LOW,6.0,profitshare,12.0,0,0,0,0,1,0
vonmag.ro,LOW,5.9,profitshare,3.0,0,0,0,0,1,0
beanzcafe.ro,LOW,5.9,profitshare,5.0,0,0,0,0,1,0
dezmembraru.ro,LOW,5.8,2performant,10.5,0,0,0,0,1,0
casadecologistics.ro,LOW,5.8,2performant,11.0,0,0,0,0,1,0
lacanistra.ro,LOW,5.8,2performant,11.0,0,0,0,0,1,0
trendiva.ro,LOW,5.8,2performant,11.0,0,0,0,0,1,0
anvelino.ro,LOW,5.8,profitshare,10.5,0,0,0,0,1,0
mxenduro.ro,LOW,5.7,2performant,10.0,0,0,0,0,1,0
liki24.co.uk,LOW,5.7,2performant,10.0,0,0,0,0,1,0
depurtat.ro,LOW,5.7,2performant,10.0,0,0,0,0,1,0
pravalianoastra.ro,LOW,5.7,2performant,10.0,0,0,0,0,1,0
benvenuti.com,LOW,5.7,2performant,10.0,0,0,0,0,1,0
shopika.ro,LOW,5.7,2performant,10.0,0,0,0,0,1,0
daar.ro,LOW,5.7,2performant,10.0,0,0,0,0,1,0
dehaine.ro,LOW,5.7,2performant,10.0,0,0,0,0,1,0
piese-biciclete.eu,LOW,5.7,2performant,10.0,0,0,0,0,1,0
librex.ro,LOW,5.7,2performant,10.0,0,0,0,0,1,0
apiland.ro,LOW,5.7,2performant,10.0,0,0,0,0,1,0
edituracorint.ro,LOW,5.7,2performant,10.0,0,0,0,0,1,0
infinitelove.ro,LOW,5.7,2performant,10.0,0,0,0,0,1,0
ortopedicus.com,LOW,5.7,2performant,10.0,0,0,0,0,1,0
gsmnet.de,LOW,5.7,2performant,10.0,0,0,0,0,1,0
somnart.ro,LOW,5.7,2performant,10.0,0,0,0,0,1,0
bookbite.ro,LOW,5.7,2performant,10.0,0,0,0,0,1,0
robazar.ro,LOW,5.7,2performant,10.0,0,0,0,0,1,0
hemerama.com,LOW,5.7,2performant,10.0,0,0,0,0,1,0
ufit.ro,LOW,5.7,2performant,10.0,0,0,0,0,1,0
greeno.ro,LOW,5.7,2performant,10.0,0,0,0,0,1,0
edituratrei.ro,LOW,5.7,2performant,10.0,0,0,0,0,1,0
viada.ro,LOW,5.7,2performant,10.0,0,0,0,0,1,0
decryso.ro,LOW,5.7,2performant,10.0,0,0,0,0,1,0
store.irinareisler.ro,LOW,5.7,2performant,10.0,0,0,0,0,1,0
produsecosmetice.ro,LOW,5.7,2performant,10.0,0,0,0,0,1,0
druzy.ro,LOW,5.7,2performant,10.0,0,0,0,0,1,0
maslinescu.ro,LOW,5.7,2performant,10.0,0,0,0,0,1,0
baseone.ro,LOW,5.7,2performant,10.0,0,0,0,0,1,0
albirea-dintilor.com,LOW,5.7,2performant,10.0,0,0,0,0,1,0
pandera.ro,LOW,5.7,2performant,10.0,0,0,0,0,1,0
goldnutrition.ro,LOW,5.7,2performant,10.0,0,0,0,0,1,0
ro.onesleep.com,LOW,5.7,2performant,10.0,0,0,0,0,1,0
cartuseria.ro,LOW,5.7,2performant,10.0,0,0,0,0,1,0
minikids.ro,LOW,5.7,2performant,10.0,0,0,0,0,1,0
libhumanitas.ro,LOW,5.7,2performant,10.0,0,0,0,0,1,0
caraielli.ro,LOW,5.7,2performant,10.0,0,0,0,0,1,0
liderfurniture.ro,LOW,5.7,2performant,10.0,0,0,0,0,1,0
sportmaniac.ro,LOW,5.7,2performant,10.0,0,0,0,0,1,0
vioi.ro,LOW,5.7,2performant,10.0,0,0,0,0,1,0
udobni.bg,LOW,5.7,2performant,10.0,0,0,0,0,1,0
balkan.ro,LOW,5.7,2performant,10.0,0,0,0,0,1,0
doctordetergent.ro,LOW,5.7,2performant,10.0,0,0,0,0,1,0
timebox.ro,LOW,5.7,2performant,10.0,0,0,0,0,1,0
frootya.ro,LOW,5.7,2performant,10.0,0,0,0,0,1,0
laicashop.ro,LOW,5.7,2performant,10.0,0,0,0,0,1,0
lacrimidepanda.ro,LOW,5.7,2performant,10.0,0,0,0,0,1,0
brasty.ro,LOW,5.7,2performant,10.0,0,0,0,0,1,0
edituracasa.ro,LOW,5.7,2performant,10.0,0,0,0,0,1,0
edituraparalela45.ro,LOW,5.7,2performant,10.0,0,0,0,0,1,0
topline.ro,LOW,5.7,2performant,10.0,0,0,0,0,1,0
glowmania.ro,LOW,5.7,2performant,10.0,0,0,0,0,1,0
enigma-plant.ro,LOW,5.7,2performant,10.0,0,0,0,0,1,0
nannie.ro,LOW,5.7,2performant,10.0,0,0,0,0,1,0
uniquestore.ro,LOW,5.7,2performant,10.0,0,0,0,0,1,0
lasebiacasa.ro,LOW,5.7,2performant,10.0,0,0,0,0,1,0
belher.ro,LOW,5.7,2performant,10.0,0,0,0,0,1,0
saray-fashion.ro,LOW,5.7,2performant,10.0,0,0,0,0,1,0
brazicraciun.net,LOW,5.7,2performant,10.0,0,0,0,0,1,0
boon.com.ro,LOW,5.7,2performant,10.0,0,0,0,0,1,0
drcalm.ro,LOW,5.7,2performant,10.0,0,0,0,0,1,0
corturi24.ro,LOW,5.7,2performant,10.0,0,0,0,0,1,0
sevich.ro,LOW,5.7,2performant,10.0,0,0,0,0,1,0
republicabio.ro,LOW,5.7,2performant,10.0,0,0,0,0,1,0
kedoo.ro,LOW,5.7,2performant,10.0,0,0,0,0,1,0
nanomax.ro,LOW,5.7,2performant,10.0,0,0,0,0,1,0
sublim3.com,LOW,5.7,2performant,10.0,0,0,0,0,1,0
fashionsense.ro,LOW,5.7,2performant,10.0,0,0,0,0,1,0
fashionforyou.ro,LOW,5.7,2performant,10.0,0,0,0,0,1,0
twindeco.ro,LOW,5.7,2performant,10.0,0,0,0,0,1,0
afo.ro,LOW,5.7,2performant,10.0,0,0,0,0,1,0
davopro.ro,LOW,5.7,2performant,10.0,0,0,0,0,1,0
ceasuri-shop.ro,LOW,5.7,2performant,10.0,0,0,0,0,1,0
sexshop.ro,LOW,5.7,2performant,10.0,0,0,0,0,1,0
comenzi.ro,LOW,5.7,2performant,10.0,0,0,0,0,1,0
ecotera.ro,LOW,5.7,2performant,10.0,0,0,0,0,1,0
biocyte.ro,LOW,5.7,2performant,10.0,0,0,0,0,1,0
ludi.ro,LOW,5.7,2performant,10.0,0,0,0,0,1,0
mugurdelumina.ro,LOW,5.7,2performant,10.0,0,0,0,0,1,0
topstar.ro,LOW,5.7,2performant,10.0,0,0,0,0,1,0
sabora.ro,LOW,5.7,2performant,10.0,0,0,0,0,1,0
grandeoptique.ro,LOW,5.7,2performant,10.0,0,0,0,0,1,0
baobao.ro,LOW,5.7,2performant,10.0,0,0,0,0,1,0
goodscents.ro,LOW,5.7,2performant,10.0,0,0,0,0,1,0
bigiottos.com,LOW,5.7,2performant,10.0,0,0,0,0,1,0
reincarcareprepay.ro,LOW,5.7,2performant,10.0,0,0,0,0,1,0
mybbshop.ro,LOW,5.7,2performant,10.0,0,0,0,0,1,0
premiumchocolate.ro,LOW,5.7,2performant,10.0,0,0,0,0,1,0
exterior.ro,LOW,5.7,2performant,10.0,0,0,0,0,1,0
econfiscate.ro,LOW,5.7,2performant,10.0,0,0,0,0,1,0
biovicta.ro,LOW,5.7,2performant,10.0,0,0,0,0,1,0
amafashion.ro,LOW,5.7,2performant,10.0,0,0,0,0,1,0
totalpantofi.ro,LOW,5.7,2performant,10.0,0,0,0,0,1,0
impulz.ro,LOW,5.7,2performant,10.0,0,0,0,0,1,0
littlenest.ro,LOW,5.7,2performant,10.0,0,0,0,0,1,0
bimbimbo.ro,LOW,5.7,2performant,10.0,0,0,0,0,1,0
woya.ro,LOW,5.7,2performant,10.0,0,0,0,0,1,0
ierusalim-store.ro,LOW,5.7,2performant,10.0,0,0,0,0,1,0
spumos.ro,LOW,5.7,2performant,10.0,0,0,0,0,1,0
carnaval24.ro,LOW,5.7,2performant,10.0,0,0,0,0,1,0
cadoupentrutine.ro,LOW,5.7,2performant,10.0,0,0,0,0,1,0
nextsim.eu,LOW,5.7,2performant,10.0,0,0,0,0,1,0
universulfiscal.ro,LOW,5.7,2performant,10.0,0,0,0,0,1,0
millamilla.shop,LOW,5.7,2performant,10.0,0,0,0,0,1,0
rikingdom.com,LOW,5.7,2performant,10.0,0,0,0,0,1,0
biomag.ro,LOW,5.7,2performant,10.0,0,0,0,0,1,0
meolle.com,LOW,5.7,2performant,10.0,0,0,0,0,1,0
crabland.ro,LOW,5.7,2performant,10.0,0,0,0,0,1,0
hawire.ro,LOW,5.7,2performant,10.0,0,0,0,0,1,0
retrofit-auto.ro,LOW,5.7,2performant,10.0,0,0,0,0,1,0
saray-kids.ro,LOW,5.7,2performant,10.0,0,0,0,0,1,0
myfashionshopping.it,LOW,5.7,2performant,10.0,0,0,0,0,1,0
outfitblack.ro,LOW,5.7,2performant,10.0,0,0,0,0,1,0
fixato.ro,LOW,5.7,2performant,10.0,0,0,0,0,1,0
olmarkt.ro,LOW,5.7,2performant,10.0,0,0,0,0,1,0
herbalrom.ro,LOW,5.7,2performant,10.0,0,0,0,0,1,0
sensoryelements.ro,LOW,5.7,2performant,10.0,0,0,0,0,1,0
re-bloom.ro,LOW,5.7,2performant,10.0,0,0,0,0,1,0
novakiss.ro,LOW,5.7,2performant,10.0,0,0,0,0,1,0
picanter.ro,LOW,5.7,2performant,10.0,0,0,0,0,1,0
linailsboutique.ro,LOW,5.7,2performant,10.0,0,0,0,0,1,0
startco.ro,LOW,5.7,profitshare,10.0,0,0,0,0,1,0
unicorn-naturals.ro,LOW,5.7,profitshare,10.0,0,0,0,0,1,0
magazinuldegene.ro,LOW,5.6,profitshare,7.0,0,0,0,0,1,0
vexio.ro,LOW,5.5,profitshare,2.0,0,0,0,0,1,0
dualstore.ro,LOW,5.5,profitshare,5.0,0,0,0,0,1,0
librariadelfin.ro,LOW,5.5,2performant,9.0,0,0,0,0,1,0
editura-arthur.ro,LOW,5.5,2performant,9.0,0,0,0,0,1,0
tinar.ro,LOW,5.5,2performant,9.0,0,0,0,0,1,0
tela.ro,LOW,5.5,2performant,9.0,0,0,0,0,1,0
zooz.ro,LOW,5.5,2performant,9.0,0,0,0,0,1,0
geekmall.ro,LOW,5.4,profitshare,6.0,0,0,0,0,1,0
kidsly.ro,LOW,5.4,2performant,8.5,0,0,0,0,1,0
kinderauto.ro,LOW,5.3,2performant,8.0,0,0,0,0,1,0
kinderplay.ro,LOW,5.3,2performant,8.0,0,0,0,0,1,0
telerenta.ro,LOW,5.3,2performant,8.0,0,0,0,0,1,0
trotty.ro,LOW,5.3,2performant,8.0,0,0,0,0,1,0
babyroll.ro,LOW,5.3,2performant,8.0,0,0,0,0,1,0
bagstodoor.ro,LOW,5.3,2performant,8.0,0,0,0,0,1,0
petit-bebe.ro,LOW,5.3,2performant,8.0,0,0,0,0,1,0
watchshop.ro,LOW,5.3,2performant,8.0,0,0,0,0,1,0
cadourisiperle.ro,LOW,5.3,2performant,8.0,0,0,0,0,1,0
atelierulfamiliei.ro,LOW,5.3,2performant,8.0,0,0,0,0,1,0
casanewconcept.ro,LOW,5.3,2performant,8.0,0,0,0,0,1,0
wargear.ro,LOW,5.3,2performant,8.0,0,0,0,0,1,0
kettler.ro,LOW,5.3,2performant,8.0,0,0,0,0,1,0
edituradph.ro,LOW,5.3,2performant,8.0,0,0,0,0,1,0
kiehls.ro,LOW,5.3,2performant,8.0,0,0,0,0,1,0
vitamix.ro,LOW,5.3,2performant,8.0,0,0,0,0,1,0
ada-shoes.ro,LOW,5.3,2performant,8.0,0,0,0,0,1,0
beststoreonline.ro,LOW,5.3,2performant,8.0,0,0,0,0,1,0
armansport.ro,LOW,5.3,2performant,8.0,0,0,0,0,1,0
grupdzc.ro,LOW,5.3,2performant,8.0,0,0,0,0,1,0
lancome.ro,LOW,5.3,2performant,8.0,0,0,0,0,1,0
makeupshop.ro,LOW,5.3,2performant,8.0,0,0,0,0,1,0
krista.ro,LOW,5.3,2performant,8.0,0,0,0,0,1,0
scauneonline.ro,LOW,5.3,2performant,8.0,0,0,0,0,1,0
zapatos.hu,LOW,5.3,2performant,8.0,0,0,0,0,1,0
reyze.ro,LOW,5.3,2performant,8.0,0,0,0,0,1,0
justfit.ro,LOW,5.3,2performant,8.0,0,0,0,0,1,0
angelgold.ro,LOW,5.3,2performant,8.0,0,0,0,0,1,0
laptop-direct.ro,LOW,5.3,2performant,8.0,0,0,0,0,1,0
elegance-decor.ro,LOW,5.3,2performant,8.0,0,0,0,0,1,0
arashop.ro,LOW,5.3,2performant,8.0,0,0,0,0,1,0
lovepadel.ie,LOW,5.3,2performant,8.0,0,0,0,0,1,0
mayam.ro,LOW,5.3,2performant,8.0,0,0,0,0,1,0
glambeauty.ro,LOW,5.3,2performant,8.0,0,0,0,0,1,0
instaltub.ro,LOW,5.3,2performant,8.0,0,0,0,0,1,0
centini.ro,LOW,5.3,2performant,8.0,0,0,0,0,1,0
tucrim.ro,LOW,5.3,2performant,8.0,0,0,0,0,1,0
ineditprint.ro,LOW,5.3,2performant,8.0,0,0,0,0,1,0
bitor.ro,LOW,5.3,2performant,8.0,0,0,0,0,1,0
hobiktoys.ro,LOW,5.3,2performant,8.0,0,0,0,0,1,0
cereal-crunch.ro,LOW,5.3,2performant,8.0,0,0,0,0,1,0
threefivethree.com,LOW,5.3,2performant,8.0,0,0,0,0,1,0
magroup.ro,LOW,5.3,2performant,8.0,0,0,0,0,1,0
navi-gps.ro,LOW,5.3,2performant,8.0,0,0,0,0,1,0
niobi.bg,LOW,5.3,2performant,8.0,0,0,0,0,1,0
bauturialcoolice.ro,LOW,5.3,profitshare,8.0,0,0,0,0,1,0
tezyo.ro,LOW,5.2,2performant,7.0,0,0,0,0,1,0
parmashop.ro,LOW,5.2,2performant,7.0,0,0,0,0,1,0
mezoni.ro,LOW,5.2,2performant,7.0,0,0,0,0,1,0
ecovent.ro,LOW,5.2,2performant,7.0,0,0,0,0,1,0
botaniq.ro,LOW,5.2,2performant,7.0,0,0,0,0,1,0
anticexlibris.ro,LOW,5.2,2performant,7.0,0,0,0,0,1,0
aldoshoes.com.ro,LOW,5.2,2performant,7.0,0,0,0,0,1,0
megadepot.ro,LOW,5.2,2performant,7.0,0,0,0,0,1,0
animax.ro,LOW,5.2,2performant,7.0,0,0,0,0,1,0
magazinuldesah.ro,LOW,5.2,2performant,7.0,0,0,0,0,1,0
empria.ro,LOW,5.2,2performant,7.0,0,0,0,0,1,0
shop.el-studio.ro,LOW,5.2,2performant,7.0,0,0,0,0,1,0
shop4pet.ro,LOW,5.2,2performant,7.0,0,0,0,0,1,0
savelectro.ro,LOW,5.2,2performant,7.0,0,0,0,0,1,0
fabricadegratare.ro,LOW,5.2,2performant,7.0,0,0,0,0,1,0
nuit.ro,LOW,5.2,2performant,7.0,0,0,0,0,1,0
floria.ro,LOW,5.2,2performant,7.0,0,0,0,0,1,0
cosori.ro,LOW,5.2,2performant,7.0,0,0,0,0,1,0
melimeloparis.ro,LOW,5.2,2performant,7.0,0,0,0,0,1,0
aeriumshop.ro,LOW,5.2,2performant,7.0,0,0,0,0,1,0
10qaroma.ro,LOW,5.2,2performant,7.0,0,0,0,0,1,0
frankemagazinonline.ro,LOW,5.2,2performant,7.0,0,0,0,0,1,0
myeshop.ro,LOW,5.2,2performant,7.0,0,0,0,0,1,0
idealbeauty.ro,LOW,5.2,2performant,7.5,0,0,0,0,1,0
field.ro,LOW,5.2,2performant,7.0,0,0,0,0,1,0
bis-design.ro,LOW,5.2,2performant,7.0,0,0,0,0,1,0
nepstore.ro,LOW,5.2,2performant,7.5,0,0,0,0,1,0
homemart.ro,LOW,5.2,2performant,7.0,0,0,0,0,1,0
parfumoriental.ro,LOW,5.2,2performant,7.0,0,0,0,0,1,0
activitati-cadou.ro,LOW,5.2,2performant,7.0,0,0,0,0,1,0
nortia.ro,LOW,5.2,2performant,7.0,0,0,0,0,1,0
fluturasi.ro,LOW,5.2,2performant,7.0,0,0,0,0,1,0
amura.ro,LOW,5.2,2performant,7.0,0,0,0,0,1,0
smt24.ro,LOW,5.2,2performant,7.0,0,0,0,0,1,0
toronero.ro,LOW,5.2,2performant,7.0,0,0,0,0,1,0
cezi.ro,LOW,5.2,2performant,7.0,0,0,0,0,1,0
promotionalprint.ro,LOW,5.2,2performant,7.0,0,0,0,0,1,0
lunera.ro,LOW,5.2,2performant,7.0,0,0,0,0,1,0
edogkalypsoland.ro,LOW,5.2,2performant,7.0,0,0,0,0,1,0
iclothing.com,LOW,5.2,2performant,7.5,0,0,0,0,1,0
autoverificate.ro,LOW,5.2,2performant,7.0,0,0,0,0,1,0
padelboost.co.uk,LOW,5.2,2performant,7.0,0,0,0,0,1,0
startdecor.ro,LOW,5.2,profitshare,7.0,0,0,0,0,1,0
fragranza.ro,LOW,5.1,2performant,6.5,0,0,0,0,1,0
folie.ro,LOW,5.1,2performant,6.5,0,0,0,0,1,0
baristelli.ro,LOW,5.1,2performant,6.5,0,0,0,0,1,0
refillz.ie,LOW,5.1,2performant,6.5,0,0,0,0,1,0
riotbites.com,LOW,5.1,2performant,6.5,0,0,0,0,1,0
decolandia.ro,LOW,5.0,profitshare,5.0,0,0,0,0,1,0
soundhouse.ro,LOW,5.0,2performant,6.0,0,0,0,0,1,0
pieseautoscan.ro,LOW,5.0,2performant,6.0,0,0,0,0,1,0
homs.ro,LOW,5.0,2performant,6.0,0,0,0,0,1,0
autokids.ro,LOW,5.0,2performant,6.0,0,0,0,0,1,0
mobilepet.ro,LOW,5.0,2performant,6.0,0,0,0,0,1,0
chicco.ro,LOW,5.0,2performant,6.0,0,0,0,0,1,0
adorehome.ro,LOW,5.0,2performant,6.0,0,0,0,0,1,0
dogpro.ro,LOW,5.0,2performant,6.0,0,0,0,0,1,0
conectica.ro,LOW,5.0,2performant,6.0,0,0,0,0,1,0
piatradesign.ro,LOW,5.0,2performant,6.0,0,0,0,0,1,0
airwheelofficial.ro,LOW,5.0,2performant,6.0,0,0,0,0,1,0
zurlishop.ro,LOW,5.0,2performant,6.0,0,0,0,0,1,0
hippoland.ro,LOW,5.0,2performant,6.0,0,0,0,0,1,0
equivalenza.ro,LOW,5.0,2performant,6.0,0,0,0,0,1,0
primefarma.ro,LOW,5.0,2performant,6.0,0,0,0,0,1,0
sculefix.ro,LOW,5.0,2performant,6.0,0,0,0,0,1,0
bazar-shop.ro,LOW,5.0,2performant,6.0,0,0,0,0,1,0
dubaicollection.ro,LOW,5.0,2performant,6.0,0,0,0,0,1,0
tratamentenaturiste.ro,LOW,5.0,2performant,6.0,0,0,0,0,1,0
imatrend.ro,LOW,5.0,2performant,6.0,0,0,0,0,1,0
s-sport.ro,LOW,5.0,2performant,6.0,0,0,0,0,1,0
ioooi.ro,LOW,5.0,2performant,6.0,0,0,0,0,1,0
artledistic.com,LOW,5.0,2performant,6.0,0,0,0,0,1,0
irelandexclusive.com,LOW,5.0,2performant,6.0,0,0,0,0,1,0
depozituldeuleiuri.ro,LOW,5.0,2performant,6.0,0,0,0,0,1,0
nextmob.ro,LOW,5.0,2performant,6.0,0,0,0,0,1,0
mobiro.ro,LOW,4.9,2performant,5.5,0,0,0,0,1,0
carpatik.ro,LOW,4.9,2performant,5.5,0,0,0,0,1,0
exact.travel,LOW,4.8,profitshare,3.0,0,0,0,0,1,0
bazarulonline.ro,LOW,4.8,2performant,5.0,0,0,0,0,1,0
micul-meserias.ro,LOW,4.8,2performant,5.0,0,0,0,0,1,0
gryxx.ro,LOW,4.8,2performant,5.0,0,0,0,0,1,0
teilor.ro,LOW,4.8,2performant,5.0,0,0,0,0,1,0
aosom.ro,LOW,4.8,2performant,5.0,0,0,0,0,1,0
pentruanimale.ro,LOW,4.8,2performant,5.0,0,0,0,0,1,0
karcher.com,LOW,4.8,2performant,5.0,0,0,0,0,1,0
nichiduta.ro,LOW,4.8,2performant,5.0,0,0,0,0,1,0
barber-store.ro,LOW,4.8,2performant,5.0,0,0,0,0,1,0
nevertebrate.ro,LOW,4.8,2performant,5.0,0,0,0,0,1,0
bitmi.ro,LOW,4.8,2performant,5.0,0,0,0,0,1,0
a2t.ro,LOW,4.8,2performant,5.0,0,0,0,0,1,0
happypets.ro,LOW,4.8,2performant,5.0,0,0,0,0,1,0
prestigehome.ro,LOW,4.8,2performant,5.0,0,0,0,0,1,0
haaus.ro,LOW,4.8,2performant,5.0,0,0,0,0,1,0
ihunt.ro,LOW,4.8,2performant,5.0,0,0,0,0,1,0
magazin-bbraun.ro,LOW,4.8,2performant,5.0,0,0,0,0,1,0
gossi.ro,LOW,4.8,2performant,5.0,0,0,0,0,1,0
petmagazin.ro,LOW,4.8,2performant,5.0,0,0,0,0,1,0
bravapet.ro,LOW,4.8,2performant,5.0,0,0,0,0,1,0
tamos.ro,LOW,4.8,2performant,5.0,0,0,0,0,1,0
pescar-expert.ro,LOW,4.8,2performant,5.0,0,0,0,0,1,0
jocurinoi.ro,LOW,4.8,2performant,5.0,0,0,0,0,1,0
lifebox.ro,LOW,4.8,2performant,5.0,0,0,0,0,1,0
agroclima.ro,LOW,4.8,2performant,5.0,0,0,0,0,1,0
albertool.com,LOW,4.8,2performant,5.0,0,0,0,0,1,0
cu-reduceri.ro,LOW,4.8,2performant,5.0,0,0,0,0,1,0
underarmour.ro,LOW,4.8,2performant,5.0,0,0,0,0,1,0
scentoparfum.ro,LOW,4.8,2performant,5.0,0,0,0,0,1,0
cartepedia.ro,LOW,4.8,2performant,5.0,0,0,0,0,1,0
mobilemedical.ro,LOW,4.8,2performant,5.0,0,0,0,0,1,0
spectral.ro,LOW,4.8,2performant,5.0,0,0,0,0,1,0
cumparamisim.ro,LOW,4.8,2performant,5.0,0,0,0,0,1,0
infinity.ro,LOW,4.8,2performant,5.0,0,0,0,0,1,0
fermier.ro,LOW,4.8,2performant,5.0,0,0,0,0,1,0
pufrelax.com,LOW,4.8,2performant,5.0,0,0,0,0,1,0
redgoblin.ro,LOW,4.8,2performant,5.0,0,0,0,0,1,0
maxlife.ro,LOW,4.8,2performant,5.0,0,0,0,0,1,0
lonamad.ro,LOW,4.8,2performant,5.0,0,0,0,0,1,0
carsupreme.ro,LOW,4.8,2performant,5.0,0,0,0,0,1,0
hygiero.ro,LOW,4.8,2performant,5.0,0,0,0,0,1,0
airsoft.ro,LOW,4.8,2performant,5.0,0,0,0,0,1,0
sabon.ro,LOW,4.8,2performant,5.0,0,0,0,0,1,0
navigatiiandroid.ro,LOW,4.8,2performant,5.0,0,0,0,0,1,0
smartheater.ro,LOW,4.8,2performant,5.0,0,0,0,0,1,0
talis.ro,LOW,4.8,2performant,5.0,0,0,0,0,1,0
rovision.ro,LOW,4.8,2performant,5.0,0,0,0,0,1,0
liki24.pl,LOW,4.8,2performant,5.0,0,0,0,0,1,0
esteto.ro,LOW,4.8,2performant,5.0,0,0,0,0,1,0
casaidea.ro,LOW,4.8,2performant,5.0,0,0,0,0,1,0
zoomania.ro,LOW,4.8,2performant,5.0,0,0,0,0,1,0
zaire.ro,LOW,4.8,2performant,5.0,0,0,0,0,1,0
artaceaiului.ro,LOW,4.8,2performant,5.0,0,0,0,0,1,0
autobox.ro,LOW,4.8,2performant,5.0,0,0,0,0,1,0
piatraonline.ro,LOW,4.8,2performant,5.0,0,0,0,0,1,0
toyzzshop.bg,LOW,4.8,2performant,5.0,0,0,0,0,1,0
negozio-softair.it,LOW,4.8,2performant,5.0,0,0,0,0,1,0
baterii-lux.ro,LOW,4.8,2performant,5.0,0,0,0,0,1,0
vivadeco.ro,LOW,4.8,2performant,5.0,0,0,0,0,1,0
rayahalal.ro,LOW,4.8,2performant,5.0,0,0,0,0,1,0
dfc.ro,LOW,4.8,2performant,5.0,0,0,0,0,1,0
importdirect.ro,LOW,4.8,2performant,5.0,0,0,0,0,1,0
kivi.ro,LOW,4.8,2performant,5.0,0,0,0,0,1,0
husdago.ro,LOW,4.8,2performant,5.0,0,0,0,0,1,0
vedrashop.ro,LOW,4.8,2performant,5.0,0,0,0,0,1,0
esteto.hu,LOW,4.8,2performant,5.0,0,0,0,0,1,0
underarmour.bg,LOW,4.8,2performant,5.0,0,0,0,0,1,0
spionescu.ro,LOW,4.8,2performant,5.0,0,0,0,0,1,0
bagno.ro,LOW,4.8,2performant,5.0,0,0,0,0,1,0
laptoplab.ro,LOW,4.8,2performant,5.0,0,0,0,0,1,0
obdeleven.ro,LOW,4.8,2performant,5.0,0,0,0,0,1,0
buygames.net,LOW,4.8,2performant,5.0,0,0,0,0,1,0
husse.ro,LOW,4.8,2performant,5.0,0,0,0,0,1,0
vdoors.ro,LOW,4.8,2performant,5.0,0,0,0,0,1,0
autoeqt.ro,LOW,4.8,2performant,5.0,0,0,0,0,1,0
shop.biofarmland.ro,LOW,4.8,2performant,5.0,0,0,0,0,1,0
cumperiangro.ro,LOW,4.8,2performant,5.0,0,0,0,0,1,0
bebeboo.ro,LOW,4.8,2performant,5.0,0,0,0,0,1,0
esteto.bg,LOW,4.8,2performant,5.0,0,0,0,0,1,0
welapo.com,LOW,4.8,2performant,5.0,0,0,0,0,1,0
220-volti.ro,LOW,4.8,2performant,5.0,0,0,0,0,1,0
baby24.ro,LOW,4.8,2performant,5.0,0,0,0,0,1,0
rccars.ro,LOW,4.8,2performant,5.0,0,0,0,0,1,0
miamorsalsas.com,LOW,4.8,2performant,5.0,0,0,0,0,1,0
partytent24.ro,LOW,4.8,2performant,5.0,0,0,0,0,1,0
interbrandrichtig.ro,LOW,4.8,2performant,5.0,0,0,0,0,1,0
cloud10beauty.com,LOW,4.8,2performant,5.0,0,0,0,0,1,0
plusvital.com,LOW,4.8,2performant,5.0,0,0,0,0,1,0
homuse.ro,LOW,4.8,2performant,5.0,0,0,0,0,1,0
12note.ro,LOW,4.8,2performant,5.0,0,0,0,0,1,0
sole.ro,LOW,4.8,profitshare,5.0,0,0,0,0,1,0
novodoors.ro,LOW,4.8,profitshare,5.0,0,0,0,0,1,0
bestvalue.eu,LOW,4.7,2performant,4.0,0,0,0,0,1,0
eyerim.ro,LOW,4.7,2performant,4.0,0,0,0,0,1,0
rowenta.ro,LOW,4.7,2performant,4.0,0,0,0,0,1,0
maxi-pet.ro,LOW,4.7,2performant,4.0,0,0,0,0,1,0
ehranaanimale.ro,LOW,4.7,2performant,4.0,0,0,0,0,1,0
frapperie.ro,LOW,4.7,2performant,4.0,0,0,0,0,1,0
newpharma.ro,LOW,4.7,2performant,4.0,0,0,0,0,1,0
fragranza.hu,LOW,4.7,2performant,4.0,0,0,0,0,1,0
technitya.com,ASCUNS,4.6,impact,0.0,0,0,0,0,0,0
arkmc.com,LOW,4.6,impact,0.0,0,0,0,0,1,0
printrendy.com,LOW,4.6,impact,0.0,0,0,0,0,1,0
sunglasses2u.com,LOW,4.6,impact,0.0,0,0,0,0,1,0
chriselli.com,LOW,4.6,impact,0.0,0,0,0,0,1,0
tofflondon.com,ASCUNS,4.6,impact,0.0,0,0,0,0,0,0
365financialanalyst.com,LOW,4.6,impact,0.0,0,0,0,0,1,0
winzip.com,LOW,4.6,impact,0.0,0,0,0,0,1,0
corel.com,LOW,4.6,impact,0.0,0,0,0,0,1,0
wordperfect.com,LOW,4.6,impact,0.0,0,0,0,0,1,0
ursime.com,LOW,4.6,impact,0.0,0,0,0,0,1,0
nadula.com,LOW,4.6,impact,0.0,0,0,0,0,1,0
klaiyihair.com,LOW,4.6,impact,0.0,0,0,0,0,1,0
hardaddy.com,LOW,4.6,impact,0.0,0,0,0,0,1,0
kollyy.com,LOW,4.6,impact,0.0,0,0,0,0,1,0
dochub.com,LOW,4.6,impact,0.0,0,0,0,0,1,0
jewelhalo.com,ASCUNS,4.6,impact,0.0,0,0,0,0,0,0
modlily.com,LOW,4.6,impact,0.0,0,0,0,0,1,0
lumibricks.com,LOW,4.6,impact,0.0,0,0,0,0,1,0
lightailing.com,ASCUNS,4.6,impact,0.0,0,0,0,0,0,0
ship7.com,ASCUNS,4.6,impact,0.0,0,0,0,0,0,0
puzzleready.com,LOW,4.6,impact,0.0,0,0,0,0,1,0
happy-sinks.com,LOW,4.6,impact,0.0,0,0,0,0,1,0
indotrickscooter.com,LOW,4.6,impact,0.0,0,0,0,0,1,0
coachsoak.com,LOW,4.6,impact,0.0,0,0,0,0,1,0
bodyotics.com,LOW,4.6,impact,0.0,0,0,0,0,1,0
fofana.co,LOW,4.6,impact,0.0,0,0,0,0,1,0
penchantforpleasure.com,LOW,4.6,impact,0.0,0,0,0,0,1,0
bigbatbox.com,LOW,4.6,impact,0.0,0,0,0,0,1,0
vikingbeardgear.com,LOW,4.6,impact,0.0,0,0,0,0,1,0
ontaki.com,LOW,4.6,impact,0.0,0,0,0,0,1,0
babydeepsleep.com,LOW,4.6,impact,0.0,0,0,0,0,1,0
gafly-therapeutics.com,LOW,4.6,impact,0.0,0,0,0,0,1,0
opengoaaal.com,LOW,4.6,impact,0.0,0,0,0,0,1,0
angles90.com,LOW,4.6,impact,0.0,0,0,0,0,1,0
luxsports.co,LOW,4.6,impact,0.0,0,0,0,0,1,0
charlemagne-premium.com,LOW,4.6,impact,0.0,0,0,0,0,1,0
babysunnies.com,ASCUNS,4.6,impact,0.0,0,0,0,0,0,0
malaysiaairlines.com,ASCUNS,4.6,impact,0.0,0,0,0,0,0,0
oyrosy.com,LOW,4.6,impact,0.0,0,0,0,0,1,0
teachersgram.com,LOW,4.6,impact,0.0,0,0,0,0,1,0
parisrhone.com,LOW,4.6,impact,0.0,0,0,0,0,1,0
aspiron.co,LOW,4.6,impact,0.0,0,0,0,0,1,0
vevor.com.au,LOW,4.6,impact,0.0,0,0,0,0,1,0
eur.vevor.com,LOW,4.6,impact,0.0,0,0,0,0,1,0
de.fossibot.com,LOW,4.6,impact,0.0,0,0,0,0,1,0
enerjoy.life,LOW,4.6,impact,0.0,0,0,0,0,1,0
shuteye.ai,LOW,4.6,impact,0.0,0,0,0,0,1,0
affiliate.nexters.com,LOW,4.6,impact,0.0,0,0,0,0,1,0
engwe.com,LOW,4.6,impact,0.0,0,0,0,0,1,0
12go.asia,ASCUNS,4.6,impact,0.0,0,0,0,0,0,0
eu.alpinestars.com,LOW,4.6,impact,0.0,0,0,0,0,1,0
calecimprofessional.com,ASCUNS,4.6,impact,0.0,0,0,0,0,0,0
coolify.torraslife.com,LOW,4.6,impact,0.0,0,0,0,0,1,0
zunsport.com,LOW,4.6,impact,0.0,0,0,0,0,1,0
lightsaber.com,ASCUNS,4.6,impact,0.0,0,0,0,0,0,0
store.saramonic.com,LOW,4.6,impact,0.0,0,0,0,0,1,0
snailax.com,ASCUNS,4.6,impact,0.0,0,0,0,0,0,0
pard.com,LOW,4.6,impact,0.0,0,0,0,0,1,0
de.anthbot.com,LOW,4.6,impact,0.0,0,0,0,0,1,0
gitmind.com,ASCUNS,4.6,impact,0.0,0,0,0,0,0,0
yilitehair.com,ASCUNS,4.6,impact,0.0,0,0,0,0,0,0
promeai.pro,LOW,4.6,impact,0.0,0,0,0,0,1,0
ideal.house,ASCUNS,4.6,impact,0.0,0,0,0,0,0,0
kamatera.com,LOW,4.6,impact,0.0,0,0,0,0,1,0
tangem.com,LOW,4.6,impact,0.0,0,0,0,0,1,0
sportneer.com,ASCUNS,4.6,impact,0.0,0,0,0,0,0,0
sheets.popai.pro,ASCUNS,4.6,impact,0.0,0,0,0,0,0,0
hears.com,ASCUNS,4.6,impact,0.0,0,0,0,0,0,0
coworkshop.com,LOW,4.6,impact,0.0,0,0,0,0,1,0
wooeyeshop.com,ASCUNS,4.6,impact,0.0,0,0,0,0,0,0
artlist.io,ASCUNS,4.6,impact,0.0,0,0,0,0,0,0
fitory.com,LOW,4.6,impact,0.0,0,0,0,0,1,0
lrmgoods.co.uk,ASCUNS,4.6,impact,0.0,0,0,0,0,0,0
theomfort.com,ASCUNS,4.6,impact,0.0,0,0,0,0,0,0
moresoo.com,LOW,4.6,impact,0.0,0,0,0,0,1,0
ugeat.com,LOW,4.6,impact,0.0,0,0,0,0,1,0
vivienhair.com,LOW,4.6,impact,0.0,0,0,0,0,1,0
buddhastoneshop.com,LOW,4.6,impact,0.0,0,0,0,0,1,0
icevpn.com,ASCUNS,4.6,impact,0.0,0,0,0,0,0,0
mypal.pro,LOW,4.6,impact,0.0,0,0,0,0,1,0
flextail.com,LOW,4.6,impact,0.0,0,0,0,0,1,0
kisslovehair.com,LOW,4.6,impact,0.0,0,0,0,0,1,0
ipowerqueen.de,LOW,4.6,impact,0.0,0,0,0,0,1,0
redodopower.de,LOW,4.6,impact,0.0,0,0,0,0,1,0
adguard-vpn.com,LOW,4.6,impact,0.0,0,0,0,0,1,0
rockbrosbike.us,ASCUNS,4.6,impact,0.0,0,0,0,0,0,0
dollarcars4rent.com,LOW,4.6,impact,0.0,0,0,0,0,1,0
thriftycars4rent.com,LOW,4.6,impact,0.0,0,0,0,0,1,0
geetahair.com,ASCUNS,4.6,impact,0.0,0,0,0,0,0,0
awolvision.de,LOW,4.6,impact,0.0,0,0,0,0,1,0
awolvision.fr,LOW,4.6,impact,0.0,0,0,0,0,1,0
valerion.com,LOW,4.6,impact,0.0,0,0,0,0,1,0
awolvision.eu,LOW,4.6,impact,0.0,0,0,0,0,1,0
hyper3d.ai,ASCUNS,4.6,impact,0.0,0,0,0,0,0,0
hardlyeverwornit.com,LOW,4.6,impact,0.0,0,0,0,0,1,0
yousky.com,LOW,4.6,impact,0.0,0,0,0,0,1,0
tisscare.com,ASCUNS,4.6,impact,0.0,0,0,0,0,0,0
de.store.tapo.com,ASCUNS,4.6,impact,0.0,0,0,0,0,0,0
byfood.com,ASCUNS,4.6,impact,0.0,0,0,0,0,0,0
smartwingshome.com,LOW,4.6,impact,0.0,0,0,0,0,1,0
flashforge.com,LOW,4.6,impact,0.0,0,0,0,0,1,0
xlaserlab.com,LOW,4.6,impact,0.0,0,0,0,0,1,0
internationalopenacademy.com,LOW,4.6,impact,0.0,0,0,0,0,1,0
aqua-mail.com,ASCUNS,4.6,impact,0.0,0,0,0,0,0,0
springfarma.com,LOW,4.6,2performant,3.5,0,0,0,0,1,0
ottobroker.ro,LOW,4.6,2performant,3.5,0,0,0,0,1,0
autoeco.ro,LOW,4.6,2performant,3.5,0,0,0,0,1,0
catenapascupas.ro,LOW,4.6,2performant,3.5,0,0,0,0,1,0
homebotireland.ie,LOW,4.6,2performant,3.5,0,0,0,0,1,0
forit.ro,LOW,4.5,profitshare,2.0,0,0,0,0,1,0
fornello.ro,LOW,4.5,2performant,3.0,0,0,0,0,1,0
neakaisa.ro,LOW,4.5,2performant,3.0,0,0,0,0,1,0
liki24.it,LOW,4.5,2performant,3.0,0,0,0,0,1,0
liki24.be,LOW,4.5,2performant,3.0,0,0,0,0,1,0
babyneeds.ro,LOW,4.5,2performant,3.0,0,0,0,0,1,0
liki24.nl,LOW,4.5,2performant,3.0,0,0,0,0,1,0
xxxlutz.ro,LOW,4.5,2performant,3.0,0,0,0,0,1,0
vopsinel.ro,LOW,4.5,2performant,3.0,0,0,0,0,1,0
liki24.de,LOW,4.5,2performant,3.0,0,0,0,0,1,0
janta.ro,LOW,4.5,2performant,3.0,0,0,0,0,1,0
bonami.ro,LOW,4.5,2performant,3.0,0,0,0,0,1,0
trada.ro,LOW,4.5,2performant,3.0,0,0,0,0,1,0
cauciucuridirect.ro,LOW,4.5,2performant,3.0,0,0,0,0,1,0
asus.com,LOW,4.5,2performant,3.0,0,0,0,0,1,0
masif.ro,LOW,4.5,2performant,3.0,0,0,0,0,1,0
e-kafea.ro,LOW,4.5,2performant,3.0,0,0,0,0,1,0
liki24.es,LOW,4.5,2performant,3.0,0,0,0,0,1,0
fabricadetuica.ro,LOW,4.5,2performant,3.0,0,0,0,0,1,0
dentfactory.ro,LOW,4.5,2performant,3.0,0,0,0,0,1,0
1cctv.ro,LOW,4.5,2performant,3.0,0,0,0,0,1,0
liki24.at,LOW,4.5,2performant,3.0,0,0,0,0,1,0
liki24.fr,LOW,4.5,2performant,3.0,0,0,0,0,1,0
blacktech.ro,LOW,4.4,2performant,2.5,0,0,0,0,1,0
spy-shop.ro,LOW,4.3,2performant,2.0,0,0,0,0,1,0
depozitsolar.ro,LOW,4.3,2performant,1.75,0,0,0,0,1,0
rik.ro,LOW,4.3,2performant,2.0,0,0,0,0,1,0
novambient.ro,LOW,4.3,2performant,2.0,0,0,0,0,1,0
materialeelectrice.ro,LOW,4.3,2performant,2.0,0,0,0,0,1,0
e-roti.ro,LOW,4.3,2performant,2.0,0,0,0,0,1,0
sensodays.ro,LOW,4.3,2performant,2.0,0,0,0,0,1,0
evomag.ro,LOW,4.2,2performant,1.0,0,0,0,0,1,0
flip.ro,LOW,4.2,2performant,1.2,0,0,0,0,1,0
f64.ro,LOW,4.2,2performant,1.0,0,0,0,0,1,0
farmaciilenapofarm.ro,LOW,4.2,2performant,1.5,0,0,0,0,1,0
cyberfolks.ro,LOW,4.2,2performant,1.0,0,0,0,0,1,0
aleo.ro,LOW,4.2,2performant,1.0,0,0,0,0,1,0
flip.bg,LOW,4.2,2performant,1.5,0,0,0,0,1,0
photosetup.ro,LOW,4.2,2performant,1.0,0,0,0,0,1,0
aquaromania.ro,LOW,4.2,2performant,1.0,0,0,0,0,1,0
avatar-shop.ro,LOW,4.2,2performant,1.0,0,0,0,0,1,0
demax.ro,LOW,4.2,2performant,1.5,0,0,0,0,1,0
itarena.ro,LOW,4.2,2performant,1.0,0,0,0,0,1,0
aquabulgaria.com,LOW,4.2,2performant,1.0,0,0,0,0,1,0
aquamagyarorszag.com,LOW,4.2,2performant,1.0,0,0,0,0,1,0
studioszel.ro,LOW,4.1,2performant,0.0,0,0,0,0,1,0
ozone.ro,LOW,4.1,2performant,0.7,0,0,0,0,1,0
coffeepoint.ro,LOW,4.0,profitshare,0.0,0,0,0,0,1,0
